Name,#Images,#Recognised images,Percent of recognising
Thalia,1,1,100.0
Joseph_Kabila,1,1,100.0
Jon_Kitna,1,1,100.0
Vince_Dooley,1,1,100.0
William_Jackson,1,1,100.0
Meghann_Shaughnessy,2,1,50.0
Nebojsa_Pavkovic,2,2,100.0
Mark_Foley,1,1,100.0
Nizar_Trabelsi,1,1,100.0
Bob_Ferguson,1,1,100.0
Billy_Beane,1,1,100.0
Enrica_Fico,1,1,100.0
Casey_Mears,1,1,100.0
David_Eldon,1,1,100.0
Nicola_Bono,1,1,100.0
Lee_Yuan-tseh,1,1,100.0
Muwafak_al-Ani,1,1,100.0
Jade_Jagger,1,1,100.0
Kweisi_Mfume,1,1,100.0
Tracee_Treadwell,1,1,100.0
Tommy_Haas,6,6,100.0
Tim_Lobinger,1,1,100.0
Bruce_Paltrow,1,1,100.0
Russell_Coutts,2,2,100.0
Scott_OGrady,1,1,100.0
Ali_Hammoud,1,1,100.0
Halbert_Fillinger,1,1,100.0
Georgina_Papin,1,1,100.0
Marian_Dolan,1,1,100.0
Bulent_Ecevit,6,6,100.0
Denzel_Washington,5,5,100.0
Michael_Broad,1,1,100.0
Caroline_Dhavernas,1,1,100.0
Olene_Walker,1,1,100.0
Michelle_Kwan,8,7,87.5
Brooke_Gordon,1,1,100.0
Larry_Donald,1,1,100.0
Mitchell_Daniels,4,4,100.0
Carlos_Barragan,1,1,100.0
Julien_Boutter,1,1,100.0
Jimmy_Kimmel,2,2,100.0
Matt_Herden,1,1,100.0
Halle_Berry,16,16,100.0
Juanes,3,3,100.0
Mohammed_Al-Douri,15,15,100.0
Thomas_Ulrich,1,1,100.0
Jeremy_Greenstock,24,24,100.0
Camille_Colvin,1,1,100.0
Kim_Jin-sun,2,2,100.0
Tim_Curry,2,2,100.0
Markus_Beyer,1,1,100.0
Leandrinho_Barbosa,1,1,100.0
Alejandro_Lopez,1,1,100.0
Maureen_Kanka,1,1,100.0
Nona_Gaye,1,1,100.0
Timothy_Coughlin,1,1,100.0
Vladimir_Golovlyov,1,1,100.0
Fernando_Velardez,1,1,100.0
Joseph_LePore,1,1,100.0
Mitchell_Garabedian,1,1,100.0
Narayan_Singh_Pun,1,1,100.0
Aldo_Paredes,2,2,100.0
Theo_Angelopoulos,1,1,100.0
Dereck_Whittenburg,1,1,100.0
Roy_Moore,6,6,100.0
King_Bhumibol_Adulyadej,1,1,100.0
Brian_Grazier,1,1,100.0
Jeremy_Gompertz,1,1,100.0
Fiona_Milne,1,1,100.0
Kim_Yong-il,3,3,100.0
Chang_Sang,1,1,100.0
Phillip_Fulmer,1,1,100.0
William_Macy,5,5,100.0
Mark_Lazarus,1,1,100.0
Martin_ONeill,1,1,100.0
Byron_Scott,2,2,100.0
Maria_Luisa_Mendonca,2,2,100.0
Laurel_Clark,1,1,100.0
Tommy_Robredo,3,3,100.0
Georgina_Bardach,1,1,100.0
Natalie_Juniardi,1,1,100.0
Michael_Ballack,3,3,100.0
Debbie_Reynolds,4,4,100.0
Mike_Thibault,1,1,100.0
Gerald_Riley,1,1,100.0
Dick_Armey,1,1,100.0
Gary_Paer,1,1,100.0
Luis_Ernesto_Derbez_Bautista,6,6,100.0
Hannah_Stockbauer,2,2,100.0
Paul_Desmarais,1,1,100.0
Carlos_Fasciolo,1,1,100.0
William_Swor,1,1,100.0
Dick_Devine,1,1,100.0
Tomoko_Hagiwara,2,2,100.0
Ernie_Harwell,1,1,100.0
Mona_Locke,1,1,100.0
Diego_Diego_Lerman,1,1,100.0
Kieran_Prendergast,2,2,100.0
Mike_Maroth,1,1,100.0
Tian_Zhuang_Zhuang,1,1,100.0
Carolina_Moraes,2,2,100.0
Ira_Einhorn,1,1,100.0
Natalie_Coughlin,6,6,100.0
Charles_Tannok,1,1,100.0
Andy_Graves,1,1,100.0
Brook_Robinson,1,1,100.0
Bryan_Murray,1,1,100.0
Jimmy_Gobble,1,1,100.0
Boris_Becker,6,6,100.0
Michele_Placido,1,1,100.0
Michael_Jordan,4,2,50.0
Paul_Tracy,1,1,100.0
Alvaro_Silva_Calderon,4,4,100.0
Bob_Riley,1,1,100.0
Nancy_Greenlaw,1,1,100.0
Alex_Gonzalez,1,1,100.0
Vladimir_Voltchkov,2,2,100.0
Nathan_Doudney,1,1,100.0
Wang_Nan,1,1,100.0
Michelangelo_Antonioni,1,1,100.0
Mark_Stuart,1,1,100.0
Debbie_Allen,1,1,100.0
Thomas_Birmingham,1,1,100.0
Andrew_Firestone,1,1,100.0
Mike_Scioscia,2,2,100.0
Kevin_Tarrant,1,1,100.0
Sofia_Milos,1,1,100.0
Jennifer_Keller,4,4,100.0
Cate_Blanchett,4,4,100.0
Alejandro_Gonzalez_Inarritu,1,1,100.0
Troy_Aikman,1,1,100.0
Warren_Truss,1,1,100.0
Ion_Iliescu,1,1,100.0
Perry_Gibbs,1,1,100.0
Todd_MacCulloch,1,1,100.0
Jimmy_Szymanski,1,1,100.0
Rudolf_Schuster,1,1,100.0
Kevin_Millwood,1,1,100.0
Ty_Votaw,1,1,100.0
Tim_Robbins,5,4,80.0
Martin_Luther_King_III,1,1,100.0
David_Hannay,1,1,100.0
Ilham_Aliev,1,1,100.0
Alan_Jackson,1,1,100.0
Sandra_Bullock,4,4,100.0
Derrick_Battie,1,1,100.0
George_Allen,1,1,100.0
Aaron_Tippin,1,1,100.0
Brad_Garrett,4,4,100.0
Joanne_Duquette,1,1,100.0
Sharon_Robinson,1,1,100.0
Wanda_de_la_Jesus,1,1,100.0
Calbert_Cheaney,1,1,100.0
George_Brumley,2,2,100.0
Brett_Hawke,1,1,100.0
Harvey_Weinstein,2,2,100.0
Brandon_Robinson,1,1,100.0
Kristin_Scott,1,1,100.0
Misty_Dawn_Clymer,1,1,100.0
Mohammed_Abu_Sharia,1,1,100.0
Francis_Mer,2,2,100.0
Evander_Holyfield,2,1,50.0
Vanessa_Redgrave,5,5,100.0
Dave_Lewis,1,1,100.0
Meg_Wakeman,1,1,100.0
Mikhail_Shvydkoi,1,1,100.0
Casy_Preslar,1,1,100.0
Terry_Stotts,2,2,100.0
Trevor_Watson,1,1,100.0
Ximena_Bohorquez,1,1,100.0
Brian_Mulroney,2,2,100.0
Milo_Djukanovic,3,3,100.0
Toshimitsu_Motegi,1,1,100.0
Larry_Lucchino,2,2,100.0
Nicolas_Sarkozy,1,1,100.0
Andres_Manuel_Lopez_Obrador,1,1,100.0
Michael_Lopez-Alegria,1,1,100.0
Ward_Cuff,1,1,100.0
Brian_Gregory,1,1,100.0
Wendy_Kennedy,1,1,100.0
Michael_Milton,1,1,100.0
William_Morrow,1,1,100.0
Dionigi_Tettamanzi,1,1,100.0
Ali_Fallahian,1,1,100.0
Mohamed_Seineldin,1,1,100.0
Thomas_Rupprath,3,3,100.0
Sinead_OConnor,1,1,100.0
Scott_Dickson,1,1,100.0
William_Ragland,1,1,100.0
Eva_Amurri,1,1,100.0
William_Harrison,1,1,100.0
George_Lopez,5,5,100.0
Thomas_Day,1,1,100.0
Amer_al-Saadi,4,4,100.0
Kifah_Ajouri,2,2,100.0
Bill_Graham,9,9,100.0
Oracene_Williams,1,1,100.0
Kenneth_Carlsen,1,1,100.0
Cemil_Cicek,1,1,100.0
Shigeo_Nagashima,1,1,100.0
Caroline_Kennedy,3,3,100.0
Teruaki_Masumoto,1,1,100.0
Camryn_Manheim,1,1,100.0
Inam-ul-Haq,2,2,100.0
Erika_Reyes,1,1,100.0
Carrie-Anne_Moss,5,5,100.0
Ana_Guevara,7,7,100.0
Bode_Miller,2,2,100.0
George_Bovell,1,1,100.0
Mohammed_Mehdi_Saleh,1,1,100.0
Will_Ofenheusle,1,1,100.0
Mark_Gangloff,1,1,100.0
Roy_Romanow,1,1,100.0
Emmanuelle_Jagodsinski,1,1,100.0
Neil_Moritz,1,1,100.0
Tony_Clement,1,1,100.0
Natasha_McElhone,3,3,100.0
Matt_Walters,1,1,100.0
Didier_Defago,1,1,100.0
Isidro_Pastor,1,1,100.0
Dexter_Jackson,2,2,100.0
Mike_Montgomery,2,2,100.0
Nora_Bendijo,2,2,100.0
Nancy_Sinatra,2,2,100.0
Alice_Fisher,2,2,100.0
Hartmut_Mehdorn,1,1,100.0
Bill_Kong,1,1,100.0
Dennis_Miller,1,1,100.0
Candice_Beatty,1,1,100.0
Tom_Poston,1,1,100.0
Tom_Sizemore,1,1,100.0
Tony_Shalhoub,4,4,100.0
Peter_Fonda,1,1,100.0
Carina_Lau_Ka-ling,1,1,100.0
Michael_Keaton,2,1,50.0
Geraldo_Rivera,1,1,100.0
Della_Clara,1,1,100.0
Sergio_Vieira_De_Mello,11,11,100.0
Carl_Levin,1,1,100.0
Harold_Brown,1,1,100.0
Brad_Banks,1,1,100.0
Nong_Duc_Manh,1,1,100.0
Mohammed_Ashraf_Hafiz,1,1,100.0
Patrick_Stewart,2,2,100.0
Michael_Kostelnik,2,2,100.0
Sean_Townsend,1,1,100.0
Chris_Simon,1,1,100.0
Jennifer_Love_Hewitt,1,1,100.0
Mark_Kelly,1,1,100.0
Mark_Everson,1,1,100.0
Marion_Barry,1,1,100.0
Krishna_Bhadur_Mahara,1,1,100.0
David_Carradine,1,1,100.0
Mary_Tyler_Moore,2,2,100.0
Vidar_Helgesen,2,2,100.0
Alejandro_Toledo,39,38,97.43589743589743
Cabas,1,1,100.0
Carlos_Menem,21,20,95.23809523809524
Vicente_Fernandez,5,5,100.0
Micky_Ward,1,1,100.0
Dominick_Dunne,1,1,100.0
Valorie_Brabazon,1,1,100.0
Na_Na_Keum,1,1,100.0
Jennifer_McCoy,1,1,100.0
Max_Mosley,1,1,100.0
Juan_Sanchez,1,1,100.0
Peter_Gilmour,1,1,100.0
Brett_Boone,1,1,100.0
Erin_Hershey_Presley,1,1,100.0
Yoriko_Kawaguchi,14,14,100.0
Wolfgang_Becker,1,1,100.0
Judy_Spreckels,1,1,100.0
Sharon_Stone,5,5,100.0
Kwame_Kilpatrick,1,1,100.0
Mary_Jo_Myers,1,1,100.0
Harriet_Lessy,1,1,100.0
Ali_Mohammed_Maher,1,1,100.0
Dieter_Zetsche,1,1,100.0
Mohammad_Al-Sharief,1,1,100.0
Ornella_Muti,1,1,100.0
Bob_Wright,1,1,100.0
Timothy_Goebel,1,1,100.0
Carlos_Juarez,1,1,100.0
Hayden_Panettiere,1,1,100.0
Mario_Jardel,1,1,100.0
Kimberly_Stewart,1,1,100.0
Norman_Jewison,2,2,100.0
Eric_Rosser,2,2,100.0
Vladimiro_Montesinos,3,3,100.0
Nadia_Forte,1,1,100.0
Kirk_Johnson,3,3,100.0
Alex_King,1,1,100.0
Harland_Braun,1,1,100.0
Jacqueline_Marris,1,1,100.0
Tonga,1,1,100.0
Wesley_Clark,2,2,100.0
Desiree_McKenzie,1,1,100.0
Yukio_Hatoyama,1,1,100.0
Mary_Blige,1,1,100.0
Joanna_Poitier,1,1,100.0
Shi_Guangsheng,1,1,100.0
Enrique_Oliu,1,1,100.0
Jennifer_Pena,1,1,100.0
Marilyn_Monroe,2,1,50.0
Joseph_Hoy,1,1,100.0
Isabella_Rossellini,3,3,100.0
Enola_Rice,1,1,100.0
Julio_Iglesias_Jr,2,2,100.0
Yekaterina_Guseva,1,1,100.0
Thaksin_Shinawatra,6,6,100.0
Erika_Harold,5,5,100.0
Derek_Bond,1,1,100.0
Blas_Ople,1,1,100.0
Carlos_Ruckauf,1,1,100.0
Torri_Edwards,2,2,100.0
Flavia_Delaroli,2,2,100.0
Alex_Holmes,1,1,100.0
Emilio_Azcarraga_Jean,1,1,100.0
David_Dewhurst,1,1,100.0
Martha_Smith,1,1,100.0
Kevin_Satterfield,1,1,100.0
Nelson_Mandela,4,4,100.0
Travis_Rudolph,1,1,100.0
Johnny_Benson,1,1,100.0
Josh_Evans,1,1,100.0
Billy_Tibbets,1,1,100.0
Casey_Crowder,1,1,100.0
Mario_Dumont,2,2,100.0
Kurt_Suzuki,1,1,100.0
George_Robertson,22,22,100.0
Penelope_Taylor,1,1,100.0
Viktor_Yushchenko,1,1,100.0
Blythe_Hartley,2,2,100.0
William_Delahunt,1,1,100.0
Yale_Kamisar,1,1,100.0
Walter_Mondale,9,9,100.0
Gerard_Butler,1,1,100.0
Gerald_Calabrese,1,1,100.0
Roy_Williams,4,4,100.0
Desmon_Farmer,1,1,100.0
Tono_Suratman,1,1,100.0
Andy_Wisecarver,1,1,100.0
Perry_Compton,1,1,100.0
Marie_Haghal,1,1,100.0
Hanns_Schumacher,1,1,100.0
Joshua_Gracin,1,1,100.0
Michael_Smith_Foster,1,1,100.0
Michael_Kors,1,1,100.0
Imre_Kertasz,1,1,100.0
Vincent_Brooks,7,7,100.0
Warren_Beatty,2,2,100.0
Marsha_Sharp,1,1,100.0
Gerardo_Gambala,2,2,100.0
Harry_Belafonte,2,2,100.0
Andrzej_Tyszkiewicz,1,1,100.0
Alexander_Losyukov,4,4,100.0
Tim_Howard,1,1,100.0
Earl_Campbell,1,1,100.0
Jorge_Castaneda,2,2,100.0
Winston_Churchill,1,1,100.0
Miguel_Hakim,1,1,100.0
Brett_Hull,1,1,100.0
Charles_Schumer,2,2,100.0
Jo_Dee_Messina,2,2,100.0
Sheldon_Silver,1,1,100.0
Anderson_Varejao,1,1,100.0
Norm_Macdonald,1,1,100.0
Thomas_Haeggstroem,1,1,100.0
Mirela_Manjani,1,1,100.0
Mariana_Gonzalez,1,1,100.0
Aaron_Peirsol,4,4,100.0
Michelle_Lecky,1,1,100.0
Mary_Maddux,1,1,100.0
Sharon_Osbourne,3,3,100.0
Val_Ackerman,1,1,100.0
Alina_Kabaeva,1,1,100.0
Nathalie_Dechy,1,1,100.0
Danny_Green,1,1,100.0
Anette_Hosoi,1,1,100.0
Thomas_Klestil,1,1,100.0
Andy_Griffith,1,1,100.0
Toutai_Kefu,1,1,100.0
Carol_Carmody,1,1,100.0
Natalia_Motuziuk,1,1,100.0
Max_Baucus,1,1,100.0
Kirsten_Clark,1,1,100.0
Dean_Barker,1,1,100.0
Paul_Brandt,1,1,100.0
Amanda_Beard,2,2,100.0
Pedro_Almodovar,7,7,100.0
Nicanor_Duarte_Frutos,11,11,100.0
Tim_Jones,1,1,100.0
Carlton_Dotson,1,1,100.0
Martha_Lucia_Ramirez,4,4,100.0
Mike_Matheny,1,1,100.0
Brenda_Wilson,1,1,100.0
Bob_Alper,1,1,100.0
Vin_Diesel,2,2,100.0
Laura_Bush,41,37,90.2439024390244
Michael_Chiklis,5,5,100.0
Jacqueline_Obradors,2,2,100.0
Sarah_Wynter,1,1,100.0
Nathirah_Hussein,1,1,100.0
Ali_Abdullah_Saleh,1,1,100.0
Brian_Cashman,1,1,100.0
Landon_Donovan,1,1,100.0
Hal_McCoy,1,1,100.0
Inocencio_Arias,2,2,100.0
Marie-Josee_Croze,1,1,100.0
Nursultan_Nazarbayev,2,2,100.0
Maribel_Dominguez,1,1,100.0
Paulo_Cesar_Pinheiro,2,2,100.0
Kirk_Ferentz,2,2,100.0
Nina_Pecari,1,1,100.0
Kent_McCord,1,1,100.0
Hank_Aaron,1,1,100.0
Mariana_Pollack,3,3,100.0
Natalie_Imbruglia,1,1,100.0
Tony_Elias,1,1,100.0
Eric_Fehr,1,1,100.0
Mike_Samp,1,1,100.0
E_Clay_Shaw,1,1,100.0
Chen_Kaige,1,1,100.0
Jose_Cevallos,1,1,100.0
Alexandre_Herchcovitch,1,1,100.0
Mark_Schweiker,2,2,100.0
Sepp_Blatter,4,4,100.0
Matt_Morris,1,1,100.0
Andrew_Fastow,1,1,100.0
Julianne_Moore,19,19,100.0
Kevin_Borseth,1,1,100.0
Ruano_Pascual,1,1,100.0
Dewayne_White,1,1,100.0
Joshua_Davey,1,1,100.0
Mary_Robinson,1,1,100.0
Peter_Hillary,2,2,100.0
Amelia_Vega,7,7,100.0
Tyler_Grillo,1,1,100.0
Kieran_Culkin,1,1,100.0
Eric_Robert_Rudolph,3,3,100.0
Alexander_Downer,4,4,100.0
Gene_Autry,1,1,100.0
Joseph_Blatter,2,2,100.0
Geno_Auriemma,2,2,100.0
Olivier_Boulay,1,1,100.0
Tim_Henman,19,19,100.0
Julius_Barnes,1,1,100.0
Juan_Carlos,1,1,100.0
Irwan_Fadzi_Idris,1,1,100.0
Melissa_Manchester,1,1,100.0
Micheal_Jourdain_Jr,1,1,100.0
Larry_Campbell,1,1,100.0
Tom_Crean,5,5,100.0
Samira_Makhmalbaf,2,2,100.0
Julian_Fantino,1,1,100.0
Nelson_Acosta,1,1,100.0
Brian_McIntyre,1,1,100.0
Juan_Roman_Riquelme,1,1,100.0
Monica_Bellucci,4,4,100.0
Matthias_Sammer,1,1,100.0
Gerard_Kleisterlee,1,1,100.0
Calista_Flockhart,6,6,100.0
Diana_Taylor,1,1,100.0
Cecilia_Cheung,1,1,100.0
Kyle_Shewfelt,1,1,100.0
Bob_Petrino,1,1,100.0
Allan_Houston,1,1,100.0
Eric_Lloyd,1,1,100.0
Catherine_Zeta-Jones,11,11,100.0
Bob_Newhart,1,1,100.0
Buck_Rodgers,1,1,100.0
Hector_Mitelman,1,1,100.0
Dionyssis_Georgiadis,1,1,100.0
Brandon_Knight,1,1,100.0
Tino_Martinez,1,1,100.0
Sonya_Walger,1,1,100.0
Ali_Naimi,8,8,100.0
Harry_Kalas,2,2,100.0
Alexandra_Spann,1,1,100.0
Rupert_Murdoch,2,2,100.0
Larry_Thompson,4,4,100.0
Larry_Wilmore,1,1,100.0
Nicolas_Latorre,1,1,100.0
Alexis_Bledel,1,1,100.0
Eric_Lindros,1,1,100.0
Vaclav_Havel,9,9,100.0
Nathan_Powell,1,1,100.0
Eric_Taino,1,1,100.0
Sheila_Taormina,1,1,100.0
Petria_Thomas,3,3,100.0
Silvio_Berlusconi,33,33,100.0
Michael_Hagee,1,1,100.0
Mary_Anne_Souza,1,1,100.0
Kristanna_Loken,5,5,100.0
Michael_Stark,1,1,100.0
Albert_Costa,6,6,100.0
Toby_Keith,1,1,100.0
Sam_Torrance,3,3,100.0
Carlos_Savedra,1,1,100.0
Lars_Burgsmuller,1,1,100.0
Mel_Gibson,2,2,100.0
Bianca_Jagger,1,1,100.0
Estella_Warren,1,1,100.0
Natalia_Vodonova,1,1,100.0
Martie_Maguire,1,1,100.0
Michelle_Chiklis,1,1,100.0
Valeri_Bure,1,1,100.0
Michelle_Bachelet,1,1,100.0
Larry_Tanenbaum,1,1,100.0
Juergen_Schrempp,1,1,100.0
Roy_Jones_Jr,2,2,100.0
Amy_Smart,1,1,100.0
Will_Self,1,1,100.0
Brian_StPierre,1,1,100.0
Nicolas_Escude,2,2,100.0
Mike_Stefanik,1,1,100.0
Alfredo_Moreno,1,1,100.0
William_Shatner,1,1,100.0
Alexandre_Despatie,1,1,100.0
Bronson_Arroyo,1,1,100.0
Nate_Huffman,1,1,100.0
Billy_Sollie,2,2,100.0
Norman_Mailer,1,1,100.0
Matt_Roney,1,1,100.0
Butch_Davis,2,2,100.0
Markus_Naslund,2,2,100.0
Eric_Hinske,2,2,100.0
David_Myers,2,2,100.0
Harold_Scott,1,1,100.0
Angie_Arzola,1,1,100.0
Toshihiko_Fukui,3,3,100.0
Jeffrey_Katzenberg,1,1,100.0
Bryan_Adams,1,1,100.0
Bob_Crippen,1,1,100.0
Johnny_Carson,2,2,100.0
Bill_Clinton,28,26,92.85714285714286
Irina_Framtsova,1,1,100.0
Alan_Greenspan,5,5,100.0
Ambrose_Lee,1,1,100.0
Jim_Talent,1,1,100.0
Norodom_Sihanouk,3,3,100.0
Mia_Mottley,1,1,100.0
Heather_Willson,1,1,100.0
William_Martin,2,2,100.0
Martin_Howard,1,1,100.0
Alma_Powell,1,1,100.0
Mitar_Rasevic,1,1,100.0
Bob_Colvin,2,2,100.0
Jennie_Garth,1,1,100.0
Jennifer_Capriati,41,15,36.58536585365854
Imam_Samudra,1,1,100.0
Martha_Sahagun_de_Fox,1,1,100.0
Shawn_Bradley,1,1,100.0
Dirk_Kempthorne,1,1,100.0
George_McCloud,1,1,100.0
Tom_Hanks,10,10,100.0
Gerhard_Schroeder,108,108,100.0
Florecita_Cobian,1,1,100.0
Cedric_Benson,1,1,100.0
Mohammad_Hasanein,1,1,100.0
Zurab_Tsereteli,1,1,100.0
Dino_de_Laurentis,2,2,100.0
Mark_Broxmeyer,1,1,100.0
Florencia_Kirchner,1,1,100.0
Eugene_Melnyk,1,1,100.0
Alejandro_Lembo,1,1,100.0
Joseph_Salgado,1,1,100.0
Max_Mayfield,2,1,50.0
Kim_Jong-Il,4,4,100.0
Mark_Hurlbert,5,5,100.0
Catherine_Donkers,1,1,100.0
Nuon_Chea,1,1,100.0
Boris_Yeltsin,2,2,100.0
Ken_Watanabe,2,2,100.0
Brandon_Jones,1,1,100.0
Mario_Alfaro-Lopez,1,1,100.0
Demetrius_Ferraciu,2,2,100.0
Mireya_Moscoso,5,5,100.0
Jose_Vicente_Rangel,1,1,100.0
Charlie_Sheen,1,1,100.0
Alanis_Morissette,1,1,100.0
Mariano_Zabaleta,1,1,100.0
Mian_Khursheed_Mehmood_Kasuri,4,4,100.0
Nathan_Lane,2,2,100.0
Brad_Johnson,5,5,100.0
Nicolas_Cage,4,4,100.0
Salman_Khan,1,1,100.0
Marina_Silva,1,1,100.0
Pete_Rose,2,2,100.0
Nicolas_Macrozonaris,1,1,100.0
Millicent_Martin,1,1,100.0
Tommy_Thompson,10,10,100.0
Peter_Hartz,1,1,100.0
Leo_Mullin,1,1,100.0
Alexandra_Vodjanikova,2,2,100.0
Peter_Care,1,1,100.0
Debra_Messing,3,3,100.0
George_Gregan,1,1,100.0
Leslie_Wiser_Jr,1,1,100.0
Hassan_Nasrallah,2,2,100.0
Ms_Dynamite,1,1,100.0
Angela_Alvarado_Rosa,1,1,100.0
Junichiro_Koizumi,60,60,100.0
Trevor_McDonald,1,1,100.0
Monica_Lewinsky,3,3,100.0
Mona_Ayoub,1,1,100.0
Andrew_Bernard,1,1,100.0
Carl_Reiner,2,2,100.0
Ernie_Preate,1,1,100.0
Timothy_Wirth,1,1,100.0
Thomas_Scavone,1,1,100.0
Jose_Serra,9,9,100.0
Michael_Piuze,1,1,100.0
Kim_Yun-kyu,1,1,100.0
Julia_Tymoshenko,3,3,100.0
Carlos_Quintanilla_Schmidt,2,2,100.0
Donatella_Versace,2,2,100.0
Tim_Floyd,2,2,100.0
Carlos_Queiroz,1,1,100.0
Tom_Hanusik,1,1,100.0
Eric_Ryan_Donnelly,1,1,100.0
Jolanta_Kwasniewski,2,2,100.0
George_Foreman,2,2,100.0
Warren_Granados,1,1,100.0
Victor_Kraatz,1,1,100.0
Mary_Sue_Coleman,1,1,100.0
Nigel_Redden,1,1,100.0
Alan_Ball,2,2,100.0
Brian_Griese,2,2,100.0
Brent_Coles,1,1,100.0
Infanta_Cristina,1,1,100.0
Penny_Lancaster,1,1,100.0
William_Hurt,1,1,100.0
Paul_LeClerc,1,1,100.0
Catriona_Le_May_Doan,1,1,100.0
Mickey_Loomis,1,1,100.0
Frances_Fisher,2,2,100.0
Hank_Stram,1,1,100.0
Julio_Cesar_Franco,1,1,100.0
Deece_Eckstein,1,1,100.0
Brendan_Stai,1,1,100.0
Troy_Hudson,1,1,100.0
Patti_Lank,1,1,100.0
Michael_Doleac,1,1,100.0
Andrea_Kiser,1,1,100.0
Derek_Lowe,2,2,100.0
Mitchell_Potter,1,1,100.0
Mohammed_Baqir_al-Hakim,3,3,100.0
Mary_Hill,1,1,100.0
Jong_Wook_Lee,4,2,50.0
Andy_Rooney,1,1,100.0
Nicholas_Byron,2,2,100.0
Martha_Martinez_Flores,1,1,100.0
Monica_Serra,1,1,100.0
Pierre_Png,1,1,100.0
Tracee_Ellis_Ross,2,2,100.0
Imad_Khadduri,1,1,100.0
Juan_Valencia_Osorio,2,2,100.0
Florencia_Macri,1,1,100.0
William_Hochul,2,2,100.0
Bijan_Darvish,3,3,100.0
Alonzo_Mourning,1,1,100.0
Mary_Descenza,1,1,100.0
Daryl_Hannah,2,2,100.0
Laurent_Jalabert,2,2,100.0
Alberto_Sordi,1,1,100.0
Carey_Lowell,1,1,100.0
Alyse_Beaupre,1,1,100.0
Tom_Koenigs,1,1,100.0
Alec_Baldwin,4,4,100.0
Jimmy_Gurule,1,1,100.0
Carlos_Manuel_Pruneda,3,3,100.0
Candice_Bergen,3,3,100.0
Orrin_Hatch,2,2,100.0
JT_Snow,1,1,100.0
Irv_Nathan,1,1,100.0
Tim_Allen,4,4,100.0
Judith_Nathan,1,1,100.0
Dimitri_Perricos,1,1,100.0
Mike_Farrar,1,1,100.0
Irina_Yatchenko,1,1,100.0
Victoria_Clarke,5,5,100.0
Sanjay_Chawla,1,1,100.0
Ulrich_Kueperkoch,1,1,100.0
Melanie_Griffith,3,3,100.0
Judd_Davies,1,1,100.0
Peter_Camejo,1,1,100.0
Eric_Benet,1,1,100.0
Michael_Friedman,1,1,100.0
Mohammad_Mustapha_Miro,1,1,100.0
Mick_McCarthy,1,1,100.0
Demetrin_Veal,1,1,100.0
Andy_North,1,1,100.0
Melana_Scantlin,1,1,100.0
Mark_Podlesny,1,1,100.0
Hassan_Wirajuda,2,2,100.0
Mark_Rosenbaum,1,1,100.0
Kwon_Young-gil,1,1,100.0
Eric_Staal,1,1,100.0
Tiger_Woods,23,21,91.30434782608695
Norodom_Chakrapong,1,1,100.0
Kurt_Warner,5,5,100.0
Walter_Annenberg,1,1,100.0
Alberto_Ruiz_Gallardon,2,1,50.0
Kirk_Franklin,1,1,100.0
Kenenisa_Bekele,1,1,100.0
Muffet_McGraw,1,1,100.0
Martin_Keown,1,1,100.0
Brian_Scalabrine,1,1,100.0
Cassandra_Heise,1,1,100.0
Alanna_Ubach,1,1,100.0
Mike_Johanns,1,1,100.0
Omar_el-Heib,1,1,100.0
Tony_Curtis,2,2,100.0
Missy_Crider,1,1,100.0
Scott_Fawell,1,1,100.0
Severino_Antinori,1,1,100.0
Michelle_Branch,2,2,100.0
Brad_Miller,1,1,100.0
Wayne_Allard,1,1,100.0
Sammy_Sosa,2,1,50.0
Jose_Bove,1,1,100.0
William_Hyde,1,1,100.0
Dennis_Hastert,5,5,100.0
Laura_Flessel,1,1,100.0
Carl_Pope,1,1,100.0
Tim_Norbeck,1,1,100.0
Mitchell_McLaughlin,1,1,100.0
Valerie_Thwaites,1,1,100.0
Spike_Helmick,1,1,100.0
Gene_Hackman,1,1,100.0
Juan_Carlos_Ferrero,28,28,100.0
Ana_Isabel_Sanchez,1,1,100.0
George_HW_Bush,12,11,91.66666666666667
Eva_Mendes,1,1,100.0
Tom_DeLay,1,1,100.0
Carla_Moreno,1,1,100.0
Andy_Hebb,2,2,100.0
Brandon_Larson,1,1,100.0
Masaru_Hayami,1,1,100.0
Vivica_Fox,2,2,100.0
Tom_Ridge,33,30,90.9090909090909
Andrew_Caldecott,1,1,100.0
Alfonso_Cuaron,1,1,100.0
Bruce_Lunsford,1,1,100.0
Neil_Goldman,1,1,100.0
Winona_Ryder,24,24,100.0
Boutros_Boutros_Ghali,1,1,100.0
Aaron_Guiel,1,1,100.0
Ismael_Miranda,1,1,100.0
Alain_Ducasse,1,1,100.0
Andy_Griggs,1,1,100.0
Sidney_Kimmel,1,1,100.0
Muhammad_Ibrahim_Bilal,1,1,100.0
King_Abdullah_II,5,5,100.0
Mike_Krzyzewski,6,6,100.0
Kiki_Vandeweghe,2,2,100.0
Paul_Henderson,1,1,100.0
Vagit_Alekperov,1,1,100.0
Vytas_Danelius,1,1,100.0
Olivera_Labus,1,1,100.0
Marta_Dominguz,1,1,100.0
Thomas_Mesereau_Jr,1,1,100.0
Khader_Rashid_Rahim,1,1,100.0
Mark_Geragos,2,2,100.0
Jon_Voight,3,3,100.0
Junko_Tabei,1,1,100.0
Todd_Haynes,4,4,100.0
Betsy_Smith,2,2,100.0
Kevin_Crane,1,1,100.0
Martin_Sheen,2,2,100.0
Uthai_Pimchaichon,1,1,100.0
Eva_Herzigova,1,1,100.0
Djabir_Said-Guerni,1,1,100.0
George_Lucas,1,1,100.0
Dolma_Tsering,2,2,100.0
Wilbert_Foy,1,1,100.0
Carlos_Paternina,1,1,100.0
Jon_Gruden,7,7,100.0
Laura_Gobai,1,1,100.0
Judy_Locy,1,1,100.0
Carmen_Electra,6,6,100.0
Juan_Francisco_Palencia,1,1,100.0
Mark_Sacco,1,1,100.0
Kirk_Doerger,1,1,100.0
David_Duval,1,1,100.0
Alex_Popov,1,1,100.0
Isaiah_Washington,2,2,100.0
Hana_Urushima,1,1,100.0
Bill_Nelson,2,2,100.0
Micky_Arison,1,1,100.0
Celso_Lafer,1,1,100.0
Marwan_Barghouthi,2,2,100.0
Tori_Amos,1,1,100.0
Laszlo_Kovacs,1,1,100.0
Nancy_Demme,2,2,100.0
Allyson_Felix,5,5,100.0
Kenny_Chesney,1,1,100.0
Michael_Michele,1,1,100.0
Nida_Blanca,1,1,100.0
Michael_Killeen,1,1,100.0
George_Karl,2,2,100.0
Jorge_Batlle,3,3,100.0
Jose_Carlo_Fernandez,1,1,100.0
Alex_Penelas,2,2,100.0
Julio_Toro,1,1,100.0
Bob_Eskridge,1,1,100.0
Tom_Brady,2,2,100.0
Brajesh_Mishra,1,1,100.0
Milan_Kucan,1,1,100.0
Nick_Rimando,1,1,100.0
Eric_Christian_Olsen,1,1,100.0
Melissa_Joan_Hart,1,1,100.0
Joseph_Estrada,4,4,100.0
Bob_Holden,1,1,100.0
Wilton_Gregory,1,1,100.0
David_Donohue,1,1,100.0
JK_Rowling,6,6,100.0
Larry_Coker,4,4,100.0
Julie_Infante,1,1,100.0
Andrew_Cuomo,2,2,100.0
Sahim_Alwan,1,1,100.0
Wolfgang_Schneiderhan,1,1,100.0
Patrick_Eaves,1,1,100.0
Kimi_Raikkonen,2,2,100.0
Carolyn_Dawn_Johnson,3,3,100.0
Andres_Pastrana,1,1,100.0
Nancy_Powell,1,1,100.0
Bridget_Fonda,3,3,100.0
David_Kelley,2,2,100.0
Hal_Gehman,5,5,100.0
Budd_Schulberg,1,1,100.0
Jennifer_Garner,12,12,100.0
Miguel_Angel_Rodriguez,1,1,100.0
Alan_Greer,1,1,100.0
Jim_Wall,1,1,100.0
Lars_Von_Trier,3,3,100.0
Kim_Clijsters,14,14,100.0
Cheryl_James,1,1,100.0
Valentina_Cervi,1,1,100.0
Diana_Munz,3,3,100.0
Moby,1,1,100.0
Imad_Moustapha,2,2,100.0
Lena_Olin,1,1,100.0
Charles_Chandler_IV,1,1,100.0
Jenny_Romero,1,1,100.0
Isabelle_Huppert,2,2,100.0
Vladimir_Meciar,1,1,100.0
Bill_Belichick,2,2,100.0
Natalie_Cole,3,3,100.0
Brandon_Boyd,1,1,100.0
Ishaq_Shahryar,2,2,100.0
Alex_Ferguson,1,1,100.0
Lane_Bryant,1,1,100.0
Marvan_Atapattu,1,1,100.0
Thomas_Van_Essen,1,1,100.0
Diana_Silvius,1,1,100.0
Brittany_Snow,1,1,100.0
Sarah_Canale,1,1,100.0
Thomas_Stewart,1,1,100.0
Jennette_Bradley,1,1,100.0
Larry_Ralston,1,1,100.0
Tony_Stewart,6,6,100.0
Koichi_Haraguchi,1,1,100.0
Bixente_LIzarazu,1,1,100.0
Phil_Morris,1,1,100.0
Andreas_Vinciguerra,1,1,100.0
Wendell_Bryant,1,1,100.0
Larry_Johnson,2,2,100.0
Carlos_Vives,4,4,100.0
Lawrence_MacAulay,2,2,100.0
Martha_Stewart,5,5,100.0
Koichi_Tanaka,1,1,100.0
Enos_Slaughter,1,1,100.0
Bonnie_Fuller,1,1,100.0
Michael_Schumacher,17,16,94.11764705882354
Kristy_Curry,1,1,100.0
Nadia_Petrova,4,4,100.0
Itzhak_Perlman,1,1,100.0
Kent_Rominger,2,2,100.0
Hashan_Tillakaratne,1,1,100.0
Carla_Sullivan,1,1,100.0
Jiri_Novak,11,11,100.0
Eric_Bana,1,1,100.0
Cho_Myung-kyun,1,1,100.0
Matt_Damon,4,4,100.0
Bill_Simon,15,15,100.0
Kim_Gandy,1,1,100.0
Dave_Potter,1,1,100.0
Brad_Smith,1,1,100.0
Mario_Lemieux,1,1,100.0
Wayne_Ferreira,5,5,100.0
Dick_Jauron,1,1,100.0
Tim_Salmon,1,1,100.0
Thomas_Enqvist,1,1,100.0
Dario_Franchitti,1,1,100.0
Melchor_Cob_Castro,1,1,100.0
Haydar_Aliyev,1,1,100.0
Jim_Wessling,1,1,100.0
Nicolas_Kiefer,1,1,100.0
Dennis_Kucinich,7,7,100.0
Eric_Vigouroux,1,1,100.0
Stacy_Nelson,1,1,100.0
Liam_Neeson,3,3,100.0
Nestor_Santillan,1,1,100.0
Mireya_Elisa_Moscoso_Rodriguez,1,1,100.0
Nate_Blackwell,1,1,100.0
Erin_Runnion,4,4,100.0
Buddy_Ryan,1,1,100.0
Francis_George,2,2,100.0
Alexander_Lukashenko,1,1,100.0
Mark_Andrew,1,1,100.0
Justin_Guarini,3,3,100.0
Mitt_Romney,1,1,100.0
Denise_van_Outen,1,1,100.0
Timothy_McVeigh,1,1,100.0
Gary_Forsee,2,2,100.0
Enrique_Iglesias,1,1,100.0
Leonard_Glick,1,1,100.0
Molly_Sims,1,1,100.0
Thomas_Daily,1,1,100.0
Maria_Sanchez_Lorenzo,1,1,100.0
Kirk_Douglas,1,1,100.0
Scott_Gorelick,1,1,100.0
Candace_Sutton,1,1,100.0
Melissa_Mulloy,1,1,100.0
Denis_Fassou-Nguesso,1,1,100.0
Sebastian_Cuattrin,1,1,100.0
Bill_Stapleton,1,1,100.0
Nicolas_Massu,1,1,100.0
Ilan_Ramon,3,3,100.0
Paul_McCartney,7,7,100.0
Muammar_Gaddafi,1,1,100.0
Mike_Carona,1,1,100.0
Michael_Olowokandi,1,1,100.0
Georgia_Giddings,1,1,100.0
Wilson_Alvarez,1,1,100.0
Alejandro_Atchugarry,2,2,100.0
Hee-Won_Han,3,2,66.66666666666667
Kim_Dae-jung,8,8,100.0
Bijan_Namdar_Zangeneh,2,2,100.0
Alexander_Payne,1,1,100.0
William_Perry,1,1,100.0
Jose_Acasuso,1,1,100.0
Mel_Brooks,2,2,100.0
Naomi_Watts,22,21,95.45454545454545
Alfred_Ford,1,1,100.0
Nicole_Kidman,19,19,100.0
Brian_Clemens,1,1,100.0
Bob_Melvin,1,1,100.0
Valentina_Tereshkova,1,1,100.0
Sarah_Hughes,6,6,100.0
Miranda_Gaddis,1,1,100.0
Mitoji_Yabunaka,2,2,100.0
Zalmay_Khalilzad,1,1,100.0
Kevin_Gil,1,1,100.0
Amporn_Falise,1,1,100.0
Vladimir_Spidla,3,3,100.0
Kurt_Hellstrom,1,1,100.0
Martin_McCauley,2,2,100.0
Bill_Bradley,1,1,100.0
Tom_Foy,1,1,100.0
Michelle_Collins,2,2,100.0
Shanna_Zolman,1,1,100.0
Norbert_van_Heyst,1,1,100.0
Vyacheslav_Fetisov,1,1,100.0
Boris_Trajkovski,1,1,100.0
Amy_Pascal,1,1,100.0
Alan_Zemaitis,1,1,100.0
Shia_LaBeouf,2,2,100.0
Carson_Daly,2,2,100.0
Mohammed_Al_Hindi,1,1,100.0
Eva_Marie_Saint,1,1,100.0
Larry_Hagman,1,1,100.0
Mitzi_Gaynor,1,1,100.0
Bill_Parcells,2,2,100.0
Filip_De_Winter,1,1,100.0
Julie_Goodenough,1,1,100.0
Wayne_Newton,1,1,100.0
Marlon_Devonish,1,1,100.0
Bill_Parsons,1,1,100.0
Natalya_Sazanovich,1,1,100.0
Bustam_A_Zedan_Aljanabi,1,1,100.0
Buford_Blount,1,1,100.0
Bruce_Weber,2,2,100.0
Jose_Canseco,3,3,100.0
Serena_Williams,52,52,100.0
Dick_Vermeil,2,2,100.0
Milt_Palacio,1,1,100.0
Amelie_Mauresmo,20,20,100.0
Jorge_Alberto_Galindo,1,1,100.0
Miguel_Estrada,2,2,100.0
Laila_Ali,3,3,100.0
Alfonso_Portillo,1,1,100.0
Megawati_Sukarnoputri,32,32,100.0
Joanne_Woodward,1,1,100.0
George_W_Bush,526,520,98.85931558935361
Nino_DAngelo,1,1,100.0
Andrew_Weissmann,3,3,100.0
Bryce_Carmine,1,1,100.0
Jo_Joong-hyon,1,1,100.0
Nathalie_Baye,4,4,100.0
Chip_Burrus,1,1,100.0
John_Williams,1,1,100.0
Joseph_Ganim,1,1,100.0
Chris_Moore,1,1,100.0
Julius_Erving,1,1,100.0
Larry_Bowa,2,2,100.0
Simona_Hradil,1,1,100.0
Michel_Charles_Chretien,1,1,100.0
Brendan_Hansen,2,2,100.0
Carol_Burnett,2,2,100.0
Eminem,1,1,100.0
Valdas_Adamkus,2,2,100.0
Jonathan_Byrd,1,1,100.0
Matt_Braker,1,1,100.0
Allan_Kemakeza,1,1,100.0
Mike_Myers,7,7,100.0
Tom_Kelly,1,1,100.0
Alan_Dreher,1,1,100.0
Jong_Thae_Hwa,2,2,100.0
Hans-Christian_Schmid,1,1,100.0
Joan_Claybrook,2,2,100.0
Bridgette_Wilson-Sampras,3,3,100.0
Oleksandr_Moroz,2,2,100.0
Natalia_Verbeke,1,1,100.0
Imelda_Marcos,1,1,100.0
Mohammed_Salmane,1,1,100.0
Marsah_Ambrosius,1,1,100.0
Paul_Michael_Daniels,1,1,100.0
Emma_Watson,5,5,100.0
Brandon_Webb,1,1,100.0
Ivo_Dubs,1,1,100.0
Andrew_Niccol,2,2,100.0
Thomas_OBrien,9,9,100.0
Pedro_Pauleta,1,1,100.0
Georgi_Parvanov,2,2,100.0
Mike_Price,2,2,100.0
Patrik_Kristiansson,1,1,100.0
Naomi_Campbell,2,2,100.0
Bob_Taft,1,1,100.0
Brendan_Fraser,1,1,100.0
Thomas_Gottschalk,1,1,100.0
Alicia_Silverstone,2,2,100.0
Nicole_Parker,1,1,100.0
Gavin_Degraw,1,1,100.0
Juljia_Vysotskij,1,1,100.0
Kent_Robinson,1,1,100.0
Alexander_Rumyantsev,2,2,100.0
Masahiko_Nagasawa,2,2,100.0
Boris_Jordan,1,1,100.0
Hana_Makhmalbaf,1,1,100.0
Julianna_Margulies,2,2,100.0
Tony_Blair,144,143,99.30555555555556
Tom_Amstutz,1,1,100.0
Gerhard_Boekel,1,1,100.0
Tristan_Gretzky,1,1,100.0
Michael_J_Fox,1,1,100.0
Jorma_Huhtala,1,1,100.0
Andy_Bryant,1,1,100.0
Michael_Peat,1,1,100.0
Sean_Astin,3,3,100.0
Thomas_Bjorn,2,2,100.0
Lee_Ann_Knight,1,1,100.0
Aaron_Pena,1,1,100.0
Vojislav_Seselj,1,1,100.0
Michael_Shelby,1,1,100.0
Festus_Mogae,1,1,100.0
Amanda_Plumer,1,1,100.0
Pedro_Solbes,4,4,100.0
Thierry_Mariani,1,1,100.0
Tom_Christerson,1,1,100.0
Nanni_Moretti,2,2,100.0
Allen_Iverson,2,2,100.0
Emile_Lahoud,2,2,100.0
Jon_Corzine,3,3,100.0
Kimberly_Bruckner,1,1,100.0
Andrea_Yates,1,1,100.0
Norah_Jones,15,15,100.0
Mike_Davis,1,1,100.0
Lana_Clarkson,2,2,100.0
Mariangel_Ruiz_Torrealba,3,3,100.0
Michael_Adams,1,1,100.0
Jose_Luis_Chilavert,1,1,100.0
Naji_Sabri,7,7,100.0
Carlos_Beltran,1,1,100.0
Hamid_Karzai,22,21,95.45454545454545
Khin_Nyunt,1,1,100.0
Toni_Jennings,1,1,100.0
Ethan_Hawke,4,4,100.0
George_Pataki,5,5,100.0
William_Bulger,4,4,100.0
Oleg_Romantsev,1,1,100.0
Camille_Lewis,1,1,100.0
Martin_Frost,1,1,100.0
Nora_Ephron,1,1,100.0
Vanessa_Laine,1,1,100.0
Urmila_Matondkar,1,1,100.0
Patricia_Phillips,1,1,100.0
Martin_McGuinness,4,4,100.0
Juliette_Lewis,1,1,100.0
Jose_Dirceu,2,2,100.0
Dennis_Erickson,2,2,100.0
Jonathan_Mostow,2,2,100.0
Carlo_Azeglio_Ciampi,1,1,100.0
Tom_Cruise,10,10,100.0
Tzipora_Obziler,1,1,100.0
Dennis_Johnson,1,1,100.0
Mira_Sorvino,1,1,100.0
Deena_Burnett,1,1,100.0
Inga_Hall,1,1,100.0
Tom_Tunney,1,1,100.0
Mary_Catherine_Correll,1,1,100.0
Cari_Davis,1,1,100.0
Bill_Clancy,1,1,100.0
Klaus_Schwab,1,1,100.0
Mark_Hanson,1,1,100.0
Russ_Ortiz,1,1,100.0
Kristen_Breitweiser,3,3,100.0
Brandon_Lloyd,1,1,100.0
Alexandra_Jackson,1,1,100.0
LeRoy_Millette_Jr,1,1,100.0
Mary_Carey,4,4,100.0
Marisol_Breton,1,1,100.0
David_Hilt,1,1,100.0
Ismail_Abu_Shanab,1,1,100.0
Alex_Zanardi,1,1,100.0
Marisa_Tomei,2,1,50.0
Jimmy_Jimenez,1,1,100.0
Vincent_Gallo,3,3,100.0
Dinah_Turner,1,1,100.0
King_Gyanendra,1,1,100.0
Win_Aung,4,4,100.0
Juergen_Chrobog,1,1,100.0
Carlos_Ghosn,2,2,100.0
Tom_Coverdale,2,2,100.0
Dionne_Warwick,1,1,100.0
Nicholoas_DiMarzio,1,1,100.0
Uri_Lopolianski,1,1,100.0
Bill_Fennelly,1,1,100.0
Denys_Arcand,1,1,100.0
Lee_Hong-ki,1,1,100.0
Kevin_Nealon,1,1,100.0
Mike_Gable,1,1,100.0
Hector_Babenco,3,3,100.0
Jim_Tressel,4,4,100.0
Mike_Webster,1,1,100.0
Eurico_Guterres,1,1,100.0
Tyrone_Medley,1,1,100.0
Wallace_Capel,1,1,100.0
William_Nessen,1,1,100.0
Jonathan_Karsh,1,1,100.0
Amy_Yasbeck,1,1,100.0
Eric_Snow,1,1,100.0
Shamai_Leibowitz,1,1,100.0
Tommy_Maddox,1,1,100.0
Brenda_van_Dam,1,1,100.0
Geoff_Dixon,1,1,100.0
Jennifer_Rodriguez,2,2,100.0
Muhammad_Saeed_al-Sahhaf,5,4,80.0
Tonino_Guerra,1,1,100.0
Jerry_Colangelo,1,1,100.0
Alecos_Markides,1,1,100.0
Hans_Leistritz,1,1,100.0
Andre_Techine,1,1,100.0
Melissa_Etheridge,2,2,100.0
Carlos_Alberto_Parreira,1,1,100.0
Yuri_Fedotov,2,2,100.0
Aleksander_Kwasniewski,4,4,100.0
Wes_Craven,1,1,100.0
Harvey_Fierstein,1,1,100.0
Mickey_Gilley,1,1,100.0
Matthew_Ouimet,1,1,100.0
Tom_McClintock,1,1,100.0
Michael_J_Sheehan,2,2,100.0
Dennis_Franchione,1,1,100.0
Tommy_Shane_Steiner,1,1,100.0
Shane_Loux,1,1,100.0
Harald_Ringstorff,1,1,100.0
Boris_Henry,1,1,100.0
Eric_Daze,1,1,100.0
Kitin_Munoz,1,1,100.0
Matthew_McConaughey,1,1,100.0
Milo_Maestrecampo,3,3,100.0
Bud_Selig,4,4,100.0
Alisha_Richman,1,1,100.0
David_Anderson,5,5,100.0
Patti_Smith,1,1,100.0
Bill_Richardson,1,1,100.0
Sergei_Yastrzhembsky,1,1,100.0
Josh_Childress,1,1,100.0
Anastasia_Kelesidou,1,1,100.0
Sam_Rockwell,1,1,100.0
Allison_Searing,1,1,100.0
Alastair_Johnston,1,1,100.0
Tom_Reilly,3,3,100.0
Bonnie_Hunt,1,1,100.0
Nick_Price,1,1,100.0
Ana_Claudia_Talancon,1,1,100.0
Martin_Burnham,1,1,100.0
Isabel_Orellana,1,1,100.0
Marquis_Estill,1,1,100.0
Wang_Yi,2,2,100.0
Nadine_Vinzens,2,2,100.0
Billy_Rork,1,1,100.0
Kim_Dong-tae,1,1,100.0
Harrison_Ford,12,12,100.0
Brigitte_Boisselier,2,2,100.0
Irfan_Ahmed,1,1,100.0
Joschka_Fischer,19,19,100.0
Boris_Berezovsky,2,2,100.0
Mikhail_Kasyanov,4,4,100.0
Brian_Olson,1,1,100.0
Lim_Dong-won,2,2,100.0
Michael_Taylor,1,1,100.0
Jose_Miguel_Aleman,1,1,100.0
Julien_Varlet,1,1,100.0
Bettina_Rheims,1,1,100.0
Andy_Benes,1,1,100.0
Thomas_Malchow,2,2,100.0
Sachiko_Yamada,4,4,100.0
Jose_Carreras,1,1,100.0
Mark_Shapiro,1,1,100.0
Tirunesh_Dibaba,1,1,100.0
Jose_Rosado,1,1,100.0
Jennifer_Tilly,1,1,100.0
Dominik_Garcia-Lorido,2,2,100.0
Bob_Herz,1,1,100.0
Tommy_Lasorda,1,1,100.0
Nikki_Teasley,1,1,100.0
Brian_Heidik,2,2,100.0
Tim_Blake_Nelson,1,1,100.0
Yory_Boy_Campas,1,1,100.0
Jorge_Moreno,1,1,100.0
Michael_Boyce,1,1,100.0
William_Donaldson,7,7,100.0
Sasha_Alexander,1,1,100.0
Mile_Mrksic,1,1,100.0
Peter_Gabriel,1,1,100.0
Tina_Conner,1,1,100.0
Jose_Sarney,3,3,100.0
Kobe_Bryant,2,2,100.0
Jose_Genoino,1,1,100.0
Brian_Jordan,1,1,100.0
Olesya_Bonabarenko,2,2,100.0
Sandra_Ceccarelli,1,1,100.0
Dick_Bennett,1,1,100.0
Maria_Shriver,8,7,87.5
Alan_Mulally,2,2,100.0
Emily_Mortimer,1,1,100.0
Bryan_Chui,1,1,100.0
Islam_Karimov,1,1,100.0
Geoff_Hoon,7,7,100.0
Nasser_al-Kidwa,2,2,100.0
Peter_Rasch,1,1,100.0
Andre_Lange,1,1,100.0
Martin_Brooke,1,1,100.0
Michael_Powell,5,5,100.0
Vernon_Forrest,1,1,100.0
Jennifer_Lopez,21,20,95.23809523809524
Bill_McBride,10,10,100.0
Tom_Rouen,1,1,100.0
Bill_Maher,1,1,100.0
Mario_Puzo,1,1,100.0
Debra_Brown,2,2,100.0
Brooke_Shields,2,2,100.0
Alain_Cervantes,1,1,100.0
Larry_Templeton,1,1,100.0
David_McKiernan,1,1,100.0
Bob_Iger,1,1,100.0
Troy_Jenkins,1,1,100.0
Mehmet_Okur,1,1,100.0
Floyd_Mayweather,1,1,100.0
Wu_Yi,3,3,100.0
Paul_Wollnough,1,1,100.0
Odai_Hussein,1,1,100.0
Hamid_Efendi,1,1,100.0
Larry_Anderson,1,1,100.0
Paul_Wolfowitz,10,9,90.0
Mohamed_Benaissa,2,2,100.0
Michael_Leavitt,2,2,100.0
Dennis_Powell,2,2,100.0
Brett_Perry,1,1,100.0
Mariah_Carey,7,7,100.0
Alyson_Hannigan,1,1,100.0
Michael_Rolinee,1,1,100.0
Ryan_Nyquist,1,1,100.0
Geoffrey_Davis,1,1,100.0
Dennis_Oswald,1,1,100.0
Eric_Wedge,1,1,100.0
Kenneth_Dam,1,1,100.0
Judi_Patton,1,1,100.0
Matthew_Perry,7,7,100.0
Brawley_King,1,1,100.0
Jim_Wong,1,1,100.0
Anastasia_Myskina,3,3,100.0
Nestor_Gonzalez,1,1,100.0
Vaclav_Klaus,2,2,100.0
Nia_Vardalos,5,5,100.0
Juan_Fernandez,1,1,100.0
Marina_Anissina,2,2,100.0
Martin_Brodeur,2,2,100.0
Oliver_Neuville,1,1,100.0
Jim_Thome,1,1,100.0
Shavon_Earp,1,1,100.0
Tom_Curley,1,1,100.0
Peter_Mansbridge,1,1,100.0
Leslie_Moonves,2,2,100.0
Tsutomu_Takebe,2,2,100.0
Mario_Kreutzberger,2,2,100.0
Maria_Simon,1,1,100.0
Mark_Gottfried,3,3,100.0
Michael_Brandon,1,1,100.0
Miroljub,2,2,100.0
Roy_Chaderton,1,1,100.0
Dieter_Holzer,1,1,100.0
Natanaela_Barnova,1,1,100.0
Kevin_Harvick,1,1,100.0
Munir_Akram,2,2,100.0
Joan_Dangerfield,1,1,100.0
Wang_Hailan,1,1,100.0
Emmanuelle_Beart,3,3,100.0
Sean_Hayes,2,2,100.0
Jonathan_Tiomkin,1,1,100.0
Julie_Gerberding,15,15,100.0
Michael_Patrick_King,2,2,100.0
Angelica_Romero,1,1,100.0
Michael_Bloomberg,20,20,100.0
Calvin_Harrison,1,1,100.0
Bison_Dele,1,1,100.0
Ali_Abbas,2,2,100.0
Miguel_Rosseto,1,1,100.0
Judi_Dench,2,2,100.0
Lewis_Booth,1,1,100.0
Tomas_Enge,1,1,100.0
Kjell_Magne_Bondevik,3,3,100.0
Nicola_Wells,1,1,100.0
Carla_Myers,2,2,100.0
Sachin_Tendulkar,1,1,100.0
Justin_Leonard,4,4,100.0
Hedayat_Amin_Arsala,1,1,100.0
Jenna_Elfman,1,1,100.0
Fran_Drescher,2,1,50.0
Dean_Jacek,1,1,100.0
Mark_Hamister,2,2,100.0
Bill_Guerin,1,1,100.0
Masamori_Tokuyama,1,1,100.0
Ed_Case,1,1,100.0
Judy_Vassar,1,1,100.0
Miguel_Aldana_Ibarra,1,1,100.0
Hamad_Bin_Jassim,1,1,100.0
Demi_Moore,4,4,100.0
Carla_Gugino,1,1,100.0
David_McCullough,1,1,100.0
Bobby_Bowden,1,1,100.0
Octavio_Lara,1,1,100.0
Marisol_Martinez_Sambran,1,1,100.0
Thomas_Manger,1,1,100.0
Sid_Caesar,1,1,100.0
Noel_Forgeard,1,1,100.0
Shawn_Kemp,1,1,100.0
Laura_Elena_Harring,1,1,100.0
Mukesh_Ambani,3,3,100.0
Darrell_Porter,2,2,100.0
Bob_Stoops,7,7,100.0
Tracy_McGrady,2,2,100.0
Dennis_Archer,1,1,100.0
Bobo_Balde,1,1,100.0
Peter_Harvey,1,1,100.0
Miguel_Contreras,2,2,100.0
Bill_Stein,1,1,100.0
Picabo_Street,1,1,100.0
Joshua_Harapko,1,1,100.0
Morris_Dees,1,1,100.0
Dita_Von_Tesse,1,1,100.0
Caio_Blat,1,1,100.0
Ingrid_Betancourt,1,1,100.0
Mercedes_Amor,1,1,100.0
Hank_Azaria,1,1,100.0
Bill_Paxton,4,4,100.0
Carlos_Ruiz,3,3,100.0
Jose_Jose,1,1,100.0
Kristin_Chenoweth,1,1,100.0
Mario_Cipollini,2,2,100.0
Chris_Swecker,1,1,100.0
Dean_Barkley,4,4,100.0
Michael_Pfleger,1,1,100.0
Jafar_Umar_Thalib,1,1,100.0
Lance_Bass,5,5,100.0
Danny_Glover,1,1,100.0
Celia_Cruz,1,1,100.0
Bill_Hughes,1,1,100.0
Erin_Brockovich,1,1,100.0
Mstislav_Rostropovich,1,1,100.0
Jude_Law,2,2,100.0
Alan_Dershowitz,1,1,100.0
Derrick_Taylor,1,1,100.0
Nestor_Kirchner,36,21,58.333333333333336
Johnnie_Lynn,1,1,100.0
Michael_Sheehan,1,1,100.0
Juliette_Binoche,1,1,100.0
Michael_Linscott,1,1,100.0
Mike_Richter,1,1,100.0
Jose_Manuel_Durao_Barroso,6,6,100.0
Jonathan_Fine,1,1,100.0
Juan_Pablo_Montoya,8,8,100.0
Mark_Wahlberg,4,2,50.0
Thomas_Weston,1,1,100.0
Carly_Fiorina,3,3,100.0
Wendy_Selig,1,1,100.0
Ali_Adbul_Karim_Madani,1,1,100.0
Erskine_Bowles,1,1,100.0
Bono,3,3,100.0
Doc_Rivers,1,1,100.0
Brad_Alexander_Smith,1,1,100.0
Dennis_Kozlowski,2,2,100.0
Kirsten_Dunst,1,1,100.0
Ruth_Dreifuss,2,2,100.0
Hector_Grullon,1,1,100.0
Walt_Harris,1,1,100.0
Petro_Symonenko,2,2,100.0
William_Burns,2,2,100.0
Vitali_Klitschko,4,4,100.0
Jonathan_Horton,1,1,100.0
Dion_Glover,1,1,100.0
Bob_Menendez,1,1,100.0
Theresa_Gattung,1,1,100.0
Johnson_Panjaitan,2,2,100.0
Ed_Book,1,1,100.0
Jonathan_Woodgate,1,1,100.0
Oliver_Stone,1,1,100.0
Alan_Stonecipher,1,1,100.0
Fidel_Castro_Daiz-Balart,1,1,100.0
David_Hyde_Pierce,4,4,100.0
Eric_Dubin,1,1,100.0
Andre_Smith,1,1,100.0
Bobby_Jackson,1,1,100.0
Judy_Genshaft,2,2,100.0
Martin_Bandier,1,1,100.0
Kenny_Brack,1,1,100.0
Vijay_Nambiar,1,1,100.0
Michelle_Hofland,1,1,100.0
Zumrati_Juma,1,1,100.0
Alison_Krauss,1,1,100.0
Marissa_Jaret_Winokur,2,2,100.0
Nabil_Shaath,2,1,50.0
Michael_McNeely,1,1,100.0
Jules_Asner,1,1,100.0
Najib_al-Salhi,1,1,100.0
David_Leahy,2,2,100.0
Alejandro_Fernandez,1,1,100.0
Tommy_Amaker,1,1,100.0
Gary_Stevens,1,1,100.0
Maxim_Afinogenov,1,1,100.0
Tomomi_Morita,1,1,100.0
Bill_Readdy,1,1,100.0
Kristin_Davis,3,3,100.0
David_Millar,1,1,100.0
Ken_Wharfe,1,1,100.0
Alexandra_Rozovskaya,1,1,100.0
Andrew_Gilligan,1,1,100.0
Hans_Blix,39,39,100.0
Billy_Edelin,1,1,100.0
Tuncay_Sanli,1,1,100.0
Joshua_Perper,1,1,100.0
Kofi_Annan,32,32,100.0
Pete_Gillen,1,1,100.0
Filippo_Inzaghi,3,3,100.0
Bing_Crosby,1,1,100.0
Ernie_Fletcher,2,2,100.0
Cecilia_Chang,1,1,100.0
Michael_Bolton,1,1,100.0
Michelle_Yeoh,5,5,100.0
Dave_Ragone,1,1,100.0
Andrei_Konchalovsky,1,1,100.0
Juan_Antonio_Samaranch,1,1,100.0
Catherine_Deneuve,5,5,100.0
Soenarno,1,1,100.0
Kurt_Schottenheimer,1,1,100.0
Deniz_Baykal,1,1,100.0
Gene_Keady,1,1,100.0
David_McCallum,1,1,100.0
Mohammed_Abulhasan,1,1,100.0
Dean_Sheremet,1,1,100.0
Hans_Corell,1,1,100.0
Shireen_Amir_Begum,1,1,100.0
Michael_Diekmann,1,1,100.0
Chris_Forsyth,1,1,100.0
Tocker_Pudwill,1,1,100.0
Natasha_Lyonne,1,1,100.0
Anatoliy_Kinakh,1,1,100.0
Iva_Majoli,2,2,100.0
David_Kelly,1,1,100.0
Mary-Kate_Olsen,3,3,100.0
Kenneth_Branagh,2,2,100.0
Maria_Soledad_Alvear_Valenzuela,5,5,100.0
Mekhi_Phifer,1,1,100.0
Erwin_Abdullah,1,1,100.0
Albrecht_Mentz,2,2,100.0
Alex_Corretja,1,1,100.0
Philippe_Gagnon,1,1,100.0
Wilbert_Elki_Meza_Majino,1,1,100.0
Alexandra_Stevenson,3,3,100.0
Mireille_Jospin-Dandieu,1,1,100.0
Hank_McKinnell,1,1,100.0
Theodore_Tweed_Roosevelt,3,3,100.0
Erik_Morales,3,3,100.0
Billy_Crystal,6,6,100.0
Denise_Johnson,2,2,100.0
Andres_DAlessandro,1,1,100.0
Aaron_Sorkin,2,2,100.0
Enrique_Medina_Gomez,1,1,100.0
Al_Leiter,1,1,100.0
Uzi_Even,1,1,100.0
Gerard_Depardieu,2,2,100.0
Jose_Alencar,1,1,100.0
Trista_Rehn,1,1,100.0
Miranda_Otto,1,1,100.0
Sonia_Lopez,1,1,100.0
Amanda_Marsh,1,1,100.0
Paul_Walker,1,1,100.0
Desiree_Lemosi,2,2,100.0
Nelson_Shanks,1,1,100.0
Kristin_Scott_Thomas,1,1,100.0
Alex_Barros,2,2,100.0
Michael_Richards,1,1,100.0
Paul_Pierce,2,2,100.0
Michael_Douglas,6,6,100.0
Debra_Yang,1,1,100.0
Neri_Marcore,2,2,100.0
Jennifer_Murray,1,1,100.0
Tyra_Banks,2,2,100.0
Bryant_Young,1,1,100.0
Tony_LaRussa,1,1,100.0
Juan_Manuel_Marquez,3,3,100.0
Mike_Babcock,2,2,100.0
Angela_Bassett,5,5,100.0
Brian_Van_Dusen,1,1,100.0
Michael_Haneke,1,1,100.0
Jackie_Chan,13,13,100.0
Alvaro_Uribe,35,35,100.0
Paul_McNulty,2,2,100.0
Alessandra_Cerna,1,1,100.0
Nancy_Pelosi,15,15,100.0
Wayne_Brady,1,1,100.0
David_Gest,1,1,100.0
Bill_Doba,1,1,100.0
Eugene_Teslovic,1,1,100.0
Jorge_Marquez-Ruarte,1,1,100.0
Michel_Minard,1,1,100.0
Marianne_Stanley,1,1,100.0
Michael_Capellas,2,2,100.0
Matt_Siebrandt,1,1,100.0
Darrell_Royal,1,1,100.0
Lane_Odom,1,1,100.0
Gary_Locke,2,2,100.0
Nikolay_Davydenko,1,1,100.0
Viara_Vike-Freiberga,1,1,100.0
Sergei_Alexandrovitch_Ordzhonikidze,1,1,100.0
Cass_Ballenger,1,1,100.0
Momir_Nikolic,1,1,100.0
Jack_Nicholson,3,3,100.0
Todd_Parrott,1,1,100.0
David_Ho,1,1,100.0
Jennifer_Gratz,1,1,100.0
Emilio_Botin,1,1,100.0
Michael_Chang,8,8,100.0
William_Webster,1,1,100.0
Shinzo_Abe,1,1,100.0
Mariam_Ali_Hassan,1,1,100.0
Nina_Jacobson,1,1,100.0
Bill_Gates,17,17,100.0
Tom_Izzo,1,1,100.0
Devin_Harris,1,1,100.0
Alfredo_Pena,1,1,100.0
Eriko_Tamura,1,1,100.0
Mickey_Sherman,1,1,100.0
Brian_Lara,1,1,100.0
Emmy_Rossum,1,1,100.0
Tom_Lantos,1,1,100.0
Marwan_Muasher,1,1,100.0
Bob_Bowlsby,1,1,100.0
Filippo_Volandri,1,1,100.0
Willie_Wilson,1,1,100.0
Brad_Gushue,1,1,100.0
Monique_Gagnon-Tremblay,1,1,100.0
George_Voinovich,3,3,100.0
Brad_Brownell,1,1,100.0
Francisco_Flores,4,4,100.0
Marlene_Weingartner,1,1,100.0
Nastia_Liukin,1,1,100.0
Mario_Vasquez_Rana,1,1,100.0
Ilie_Nastase,1,1,100.0
Jimmy_Carter,9,9,100.0
Nicolas_Lapentti,2,2,100.0
Emyr_Jones_Parry,1,1,100.0
Minnie_Driver,2,2,100.0
Kwon_Yang-sook,3,3,100.0
Gene_Orza,1,1,100.0
Noor_Mohammed,1,1,100.0
Julian_Battle,1,1,100.0
Carson_Palmer,4,4,100.0
Ana_Paula_Gerard,1,1,100.0
Anders_Fogh_Rasmussen,4,4,100.0
Paul_Patton,2,2,100.0
Tony_Fernandes,1,1,100.0
Din_Samsudin,1,1,100.0
Carla_Gay_Balingit,1,1,100.0
Brad_Russ,1,1,100.0
Brian_Wells,2,2,100.0
Mike_Alden,1,1,100.0
Heather_Locklear,1,1,100.0
Brady_Rodgers,1,1,100.0
Debra_Rose,1,1,100.0
Maurice_Strong,1,1,100.0
Mufti_Mohammad_Syed,1,1,100.0
David_Heymann,5,5,100.0
Cecile_de_France,1,1,100.0
Masja_Juel,1,1,100.0
Ali_Ahmeti,1,1,100.0
Brian_Weaver,1,1,100.0
Michael_Fitzgerald,1,1,100.0
Valentino_Rossi,6,6,100.0
Michael_Arif,1,1,100.0
Martin_Lawrence,1,1,100.0
Victor_Garber,1,1,100.0
Mary_Steenburgen,3,3,100.0
Aleksander_Voloshin,1,1,100.0
Michael_Munoz,1,1,100.0
Masum_Turker,3,3,100.0
Bill_Carmody,1,1,100.0
Mohammad_Aktar,1,1,100.0
Matt_Welsh,1,1,100.0
Andrei_Nikolishin,1,1,100.0
Derek_King,1,1,100.0
Larry_Beinfest,1,1,100.0
Troy_Garity,1,1,100.0
Emily_Stevens,1,1,100.0
Will_Smith,2,2,100.0
Peter_Rasmussen,1,1,100.0
Gerald_Fitch,1,1,100.0
Tommy_Lewis,1,1,100.0
Esad_Landzo,1,1,100.0
Vladimir_Putin,47,47,100.0
Gerald_Barbarito,1,1,100.0
Mary_Landrieu,3,3,100.0
Nathan_Smith,1,1,100.0
Zeng_Qinghong,1,1,100.0
Milt_Heflin,1,1,100.0
Jennifer_Granholm,1,1,100.0
Diane_Green,2,2,100.0
Ester_Canadas,1,1,100.0
Wen_Jiabao,13,13,100.0
Blythe_Danner,2,2,100.0
Mohammaed_Ahmad_Al_Jarallah,1,1,100.0
Brad_Wilk,1,1,100.0
Carlton_Baugh,1,1,100.0
Julia_Glass,1,1,100.0
Brandon_Fails,1,1,100.0
Mary_McCarty,1,1,100.0
Johnny_Tapia,3,1,33.333333333333336
Khaled_Sawalhi,1,1,100.0
Ryan_Newman,1,1,100.0
William_Rosenberg,1,1,100.0
Mark_Philippoussis,10,9,90.0
Alan_Tang_Kwong-wing,1,1,100.0
Khum_Bahadur_Khadka,1,1,100.0
Kevin_Hearn,1,1,100.0
Andrew_Bunner,2,2,100.0
Natalie_Maines,5,5,100.0
Miguel_Jimenez,1,1,100.0
Carolyn_Kuhl,1,1,100.0
Ana_Palacio,8,8,100.0
Justin_Marshall,1,1,100.0
Mike_Holmgren,2,2,100.0
Carla_Del_Ponte,3,3,100.0
Kevin_Marshall,1,1,100.0
Derek_Abney,1,1,100.0
Joseph_Galante,1,1,100.0
Peter_Max,1,1,100.0
Natasa_Micic,1,1,100.0
David_Glenn,1,1,100.0
Julia_Ormond,1,1,100.0
Irene_Kahn,1,1,100.0
Zach_Parise,1,1,100.0
Yves_Brodeur,1,1,100.0
Jennifer_Reilly,2,2,100.0
Floyd_Keith,1,1,100.0
Massoud_Barzani,1,1,100.0
Bill_Self,1,1,100.0
Amber_Frey,1,1,100.0
George_Plimpton,1,1,100.0
Ontario_Lett,1,1,100.0
Angel_Lockward,1,1,100.0
Jorge_Enrique_Jimenez,1,1,100.0
Michael_Phelps,5,5,100.0
Michael_Winterbottom,3,3,100.0
Mike_Brey,2,2,100.0
Martina_Hingis,3,2,66.66666666666667
David_Duke,1,1,100.0
Tex_Ritter,1,1,100.0
Derek_Jeter,4,4,100.0
Jennifer_Thompson,2,2,100.0
Vojislav_Kostunica,7,6,85.71428571428571
John_Wolf,2,2,100.0
Seth_Gorney,1,1,100.0
Jose_Maria_Aznar,23,21,91.30434782608695
Amanda_Bynes,4,4,100.0
Joan_Collins,1,1,100.0
Sada_Jacobson,1,1,100.0
Jon_Constance,1,1,100.0
Kevin_Keegan,1,1,100.0
Maureen_Fanning,2,2,100.0
Brock_Berlin,1,1,100.0
Vassilis_Xiros,1,1,100.0
Alistair_MacDonald,1,1,100.0
Mitsou_Gelinas,1,1,100.0
Mark_Mariscal,1,1,100.0
Mikhail_Kalashnikov,1,1,100.0
Nancy_Smith,1,1,100.0
Bill_Mauldin,1,1,100.0
Juergen_Braehmer,1,1,100.0
Bill_Elliott,1,1,100.0
Pedro_Velasquez,1,1,100.0
Albert_Brooks,1,1,100.0
George_Brumley_III,1,1,100.0
Sara_Silverman,1,1,100.0
Marquier_Montano_Contreras,1,1,100.0
Peter_Caruana,1,1,100.0
Heather_Mills,4,4,100.0
Juan_Jose_Lucas,1,1,100.0
Alberto_Fujimori,2,2,100.0
Jerelle_Kraus,1,1,100.0
Joseph_Ralston,2,2,100.0
Hama_Arba_Diallo,1,1,100.0
Trisha_Meili,1,1,100.0
Mike_Bair,1,1,100.0
David_Heyman,2,2,100.0
Kyoko_Nakayama,1,1,100.0
Andrea_De_Cruz,1,1,100.0
Ernie_Eves,2,2,100.0
Fernando_Vargas,4,4,100.0
Gavyn_Davies,1,1,100.0
Bill_Pryor,1,1,100.0
Sofyan_Dawood,1,1,100.0
David_Blaine,1,1,100.0
Phil_Bredesen,1,1,100.0
Mike_Bryan,1,1,100.0
Sean_Combs,1,1,100.0
Juan_Ignacio_Chela,3,2,66.66666666666667
Kevin_Sorbo,1,1,100.0
Jonathan_Arden,1,1,100.0
Tom_Daschle,25,25,100.0
Tim_Chapman,2,2,100.0
Jose_Luis_Santiago_Vasconcelos,1,1,100.0
Will_Young,1,1,100.0
Melissa_Gilbert,1,1,100.0
Mike_Martz,7,7,100.0
Joseph_Biden,5,5,100.0
Joseph_Deiss,3,3,100.0
Shania_Twain,1,1,100.0
Michel_Temer,2,2,100.0
Osama_Al_Baz,1,1,100.0
Betsy_Coffin,1,1,100.0
Tommy_Franks,16,16,100.0
Newton_Carlton_Slawson,1,1,100.0
Mikhail_Wehbe,4,4,100.0
Gary_Sayler,1,1,100.0
Spike_Jonze,1,1,100.0
Nathalie_Gagnon,1,1,100.0
Myung_Yang,1,1,100.0
Britney_Spears,14,14,100.0
Jens_Lehmann,1,1,100.0
Brian_Cook,1,1,100.0
Diane_Ladd,1,1,100.0
Mike_Duke,1,1,100.0
Nur_Jaafar,1,1,100.0
Andrew_Wetzler,1,1,100.0
Mikulas_Dzurinda,2,2,100.0
Jorge_Arce,2,2,100.0
Daryl_Jones,1,1,100.0
Flavia_Pennetta,1,1,100.0
Angela_Mascia-Frye,1,1,100.0
Mary_Matalin,1,1,100.0
Nick_Markakis,1,1,100.0
Michael_Kahn,1,1,100.0
George_Papandreou,4,4,100.0
Nikki_Cascone,1,1,100.0
Mohamed_Hammam,1,1,100.0
Kenneth_Cooper,1,1,100.0
George_Tenet,2,2,100.0
Tyler_Hamilton,2,2,100.0
Bill_Kollar,1,1,100.0
Brenda_Magana,1,1,100.0
Victor_Hanescu,1,1,100.0
Nila_Ferran,1,1,100.0
Marieta_Chrousala,3,3,100.0
Charles_Mathews,2,2,100.0
Hassanal_Bolkiah,1,1,100.0
Mary_Zorn,1,1,100.0
Tonya_Payne,1,1,100.0
William_Bratton,3,3,100.0
Carin_Koch,1,1,100.0
Mark_Redman,1,1,100.0
Deb_Santos,1,1,100.0
Lena_Katina,1,1,100.0
Brandon_Hammond,1,1,100.0
Harbhajan_Singh,2,2,100.0
Hayley_Tullett,2,2,100.0
Gary_Winnick,2,2,100.0
Jose_Mourinho,2,2,100.0
Kenneth_Evans,2,2,100.0
Catherine_Woodard,1,1,100.0
Tom_Scully,1,1,100.0
Charlotte_Rampling,2,1,50.0
Mark_Sisk,1,1,100.0
Thomas_Kelly,1,1,100.0
Wen_Ho_Lee,1,1,100.0
Olivier_Rochus,1,1,100.0
Jennifer_Renee_Short,1,1,100.0
Monica_Gabrielle,1,1,100.0
Denise_Locke,1,1,100.0
Meles_Zenawi,1,1,100.0
Marie-Reine_Le_Gougne,2,2,100.0
Mariana_Ohata,1,1,100.0
Alex_Cejka,1,1,100.0
Mark_Dacey,2,2,100.0
Noer_Muis,1,1,100.0
Harry_Schmidt,4,4,100.0
Francesco_Totti,1,1,100.0
Carlos_Bianchi,2,2,100.0
Francis_Ford_Coppola,2,2,100.0
Brennon_Leighton,1,1,100.0
Bill_Frist,9,9,100.0
Troy_Polamalu,1,1,100.0
Pauley_Perrette,1,1,100.0
Catherine_Ndereba,1,1,100.0
Derek_Parra,1,1,100.0
Peter_Schultz,1,1,100.0
Bob_Graham,6,6,100.0
Ernesto_Zedillo,2,2,100.0
Celso_Amorim,2,2,100.0
Hatsui_Hasuike,1,1,100.0
Jonathan_Edwards,8,7,87.5
Jimmy_Lee,1,1,100.0
Brad_Pitt,1,1,100.0
Kim_Hong-up,1,1,100.0
Tim_Conway,3,3,100.0
Carlos_Ortega,3,3,100.0
Tim_Duncan,4,4,100.0
Mike_OConnell,1,1,100.0
Mohammed_Dahlan,1,1,100.0
Sanjay_Gupta,1,1,100.0
Michael_Caine,3,3,100.0
Vicente_Fox_de_la_Concha,1,1,100.0
Mary_Elizabeth_Mastrantonio,1,1,100.0
Mona_Rishmawi,1,1,100.0
Mathilda_Karel_Spak,1,1,100.0
Michael_Andretti,1,1,100.0
Terunobu_Maeda,1,1,100.0
Laurent_Woulzy,1,1,100.0
Justin_Gatlin,2,2,100.0
Omar_Vizquel,1,1,100.0
Vince_Carter,4,4,100.0
Kimora_Lee,1,1,100.0
Melissa_Stark,1,1,100.0
Bill_Sizemore,2,2,100.0
Bobby_Goldwater,2,2,100.0
Junichi_Inamoto,1,1,100.0
Mauricio_Macri,1,1,100.0
Noer_Moeis,1,1,100.0
Tom_Osborne,1,1,100.0
Cathy_Freeman,2,2,100.0
Estelle_Morris,1,1,100.0
Vladimir_Ustinov,1,1,100.0
Angelo_Reyes,4,4,100.0
Dyana_Calub,1,1,100.0
Thomas_Franklin,1,1,100.0
Nikki_McKibbin,1,1,100.0
Jose_Theodore,2,2,100.0
Diego_Colorado,1,1,100.0
Ernie_Stewart,1,1,100.0
Paul_Krueger,1,1,100.0
Flor_Montulo,2,2,100.0
Joy_Lee_Sadler,1,1,100.0
Andrei_Mikhnevich,2,2,100.0
Albaro_Recoba,1,1,100.0
Pierce_Brosnan,15,15,100.0
Bobby_Kielty,1,1,100.0
Bill_Walton,1,1,100.0
Tomas_Malik,1,1,100.0
Wilma_McNabb,1,1,100.0
Martin_Verkerk,3,3,100.0
Nastassia_Kinski,2,2,100.0
Marina_Kuptsova,1,1,100.0
Paul_Hogan,2,2,100.0
Ali_Khamenei,3,3,100.0
Trent_Lott,16,16,100.0
Megan_Mullally,3,3,100.0
Itamar_Franco,1,1,100.0
Ilan_Goldfajn,1,1,100.0
Jose_Lina,1,1,100.0
Carol_Williams,1,1,100.0
Mark_Richt,3,3,100.0
Nancy_Reagan,2,2,100.0
Kim_Chinn,1,1,100.0
Sheila_Wellstone,2,2,100.0
Martin_Scorsese,7,7,100.0
Mike_Szymanczyk,1,1,100.0
Cathy_Cunningham,1,1,100.0
Patrick_Dennehy,1,1,100.0
Lara_Logan,1,1,100.0
Enrique_Haroldo_Gorriaran_Merlo,1,1,100.0
Jim_Zorn,1,1,100.0
Michael_Hoffa,1,1,100.0
Tom_Schnackenberg,1,1,100.0
Diego_Armando_Maradona,1,1,100.0
Olympia_Dukakis,1,1,100.0
Charles_Lebois,1,1,100.0
Nick_Reilly,1,1,100.0
Mike_Miller,2,2,100.0
Charles_Bronson,3,3,100.0
Carlos_Arroyo,1,1,100.0
Noel_Niell,1,1,100.0
Carlos_Iturgaitz,1,1,100.0
Khalid_Qazi,1,1,100.0
Nick_Cassavetes,1,1,100.0
Jose_Santos,1,1,100.0
Dimitar_Berbatov,1,1,100.0
Erika_Christensen,2,2,100.0
Chris_Dodd,1,1,100.0
Maura_Tierney,1,1,100.0
Mitchell_Swartz,1,1,100.0
Almeida_Baptista,1,1,100.0
Aly_Wagner,1,1,100.0
Ismail_Merchant,2,2,100.0
Jennifer_Aniston,21,18,85.71428571428571
Bill_Callahan,3,3,100.0
Thanongsak_Tuvinan,1,1,100.0
Jimmy_Iovine,1,1,100.0
Phil_Mickelson,2,2,100.0
Uzi_Landau,1,1,100.0
Kirby_Puckett,1,1,100.0
Thabo_Mbeki,4,4,100.0
Iveta_Benesova,1,1,100.0
Venus_Williams,16,16,100.0
Mayumi_Moriyama,1,1,100.0
Valery_Giscard_dEstaing,6,6,100.0
Vanessa_Williams,3,3,100.0
Andy_Warhol,1,1,100.0
Aaron_Patterson,1,1,100.0
Yannos_Papantoniou,1,1,100.0
Larry_Harris,1,1,100.0
Natasha_Henstridge,1,1,100.0
Jerry_Falwell,2,2,100.0
Bryan_Thomas,1,1,100.0
Mikhail_Khodorkovsky,1,1,100.0
Matt_Doherty,3,3,100.0
Jackie_Dennis,1,1,100.0
Alexa_Loren,1,1,100.0
Ernie_Els,4,4,100.0
Milton_Wynants,1,1,100.0
Kyle_McLaren,1,1,100.0
Mike_Smith,1,1,100.0
Des_Brown,1,1,100.0
Patrick_Roy,2,1,50.0
Erwin_Mapasseng,1,1,100.0
Sally_Ride,2,2,100.0
Morgan_Fairchild,1,1,100.0
Alicia_Hollowell,1,1,100.0
Salma_Hayek,13,13,100.0
Wang_Fei,1,1,100.0
Gerald_Ford,1,1,100.0
Nick_Nolte,5,5,100.0
Tim_Curley,1,1,100.0
Branko_Crvenkovski,3,2,66.66666666666667
Deepa_Mehta,1,1,100.0
Brian_Henson,1,1,100.0
Muhammad_Ali,10,10,100.0
Heidi_Klum,5,5,100.0
Nicoletta_Braschi,1,1,100.0
Simon_Yam,1,1,100.0
Judy_Dean,1,1,100.0
Laura_Linney,4,4,100.0
Norio_Ohga,1,1,100.0
Natalie_Williams,1,1,100.0
Brian_Meadors,1,1,100.0
Hana_Sadiq,1,1,100.0
Nathalia_Gillot,1,1,100.0
Michel_Duclos,2,2,100.0
Miles_Stewart,1,1,100.0
Kim_Ryong-sung,11,11,100.0
Leander_Paes,2,2,100.0
Tora_Takagi,1,1,100.0
Angela_Merkel,5,5,100.0
Earl_Counter,1,1,100.0
Tiago_Splitter,1,1,100.0
Kevin_Garnett,1,1,100.0
Nancy_Humbert,1,1,100.0
Ali_Bin_Hussein,1,1,100.0
Bob_Cantrell,1,1,100.0
Tom_Vilsack,1,1,100.0
Tom_Moss,1,1,100.0
Vadim_Strogalev,1,1,100.0
Melvin_Talbert,1,1,100.0
Aline_Chretien,1,1,100.0
Scott_Wallach,1,1,100.0
Alicia_Keys,1,1,100.0
Vicente_Fox,31,31,100.0
Eric_Schacht,1,1,100.0
Mark_Salter,1,1,100.0
Tim_Lopes,1,1,100.0
Mark_Komara,1,1,100.0
Larry_Ellison,3,3,100.0
Nate_Hybl,1,1,100.0
Paul-Henri_Mathieu,3,3,100.0
Milton_Berle,1,1,100.0
Dick_Cheney,14,14,100.0
Mark_Mishkin,1,1,100.0
Paul_Vathis,1,1,100.0
Julie_Taymor,2,2,100.0
Francis_Crick,1,1,100.0
Wan_Yanhai,1,1,100.0
Habib_Rizieq,5,5,100.0
Alison_Lohman,2,2,100.0
Enrik_Vendt,1,1,100.0
Monica_Vergara,1,1,100.0
Kyra_Sedgwick,1,1,100.0
Joan_Laporta,9,9,100.0
Chris_Cirino,1,1,100.0
Naomi_Bronstein,1,1,100.0
Alexandra_Pelosi,1,1,100.0
Larenz_Tate,1,1,100.0
Bill_Herrion,1,1,100.0
Al_Sharpton,7,7,100.0
Wei_Wu,1,1,100.0
Wally_Szczerbiak,1,1,100.0
Brian_Schneider,1,1,100.0
Mark_Hogan,1,1,100.0
Marina_Canetti,1,1,100.0
Mark_Cuban,2,2,100.0
Mike_Helton,2,2,100.0
Derian_Hatcher,1,1,100.0
Andrew_Luster,1,1,100.0
Dinora_Rosales,1,1,100.0
David_Dodge,2,2,100.0
William_McDonough,1,1,100.0
David_Alpay,1,1,100.0
Alberto_Acosta,1,1,100.0
Phil_Cullen,1,1,100.0
Martha_Beatriz_Roque,2,2,100.0
Monica_Seles,6,6,100.0
OJ_Simpson,2,2,100.0
Billy_Donovan,1,1,100.0
Emily_Mason,1,1,100.0
Michel_Kratochvil,1,1,100.0
Moon-So-ri,1,1,100.0
Miyako_Miyazaki,2,2,100.0
Jorge_Rodolfo_Canicoba_Corral,2,2,100.0
Caroline_Link,1,1,100.0
Momcilo_Perisic,1,1,100.0
Ruth_Christofferson,1,1,100.0
Michael_Lechner,1,1,100.0
Scott_McNealy,2,2,100.0
Dino_Risi,1,1,100.0
Oprah_Winfrey,4,4,100.0
Marina_Hands,1,1,100.0
David_Bowie,1,1,100.0
Normand_Legault,1,1,100.0
Todd_Wike,1,1,100.0
Larry_Lindsey,2,2,100.0
Emmanuel_Milingo,1,1,100.0
Billy_Gilman,1,1,100.0
Shane_Hmiel,1,1,100.0
Juan_Carlos_Ortega,1,1,100.0
George_Maxwell_Richards,1,1,100.0
Mary_Frances_Seiter,1,1,100.0
Al_Pacino,3,3,100.0
Mathias_Reichhold,3,3,100.0
Scott_Weiland,1,1,100.0
Maurice_Papon,1,1,100.0
Vince_Gill,2,2,100.0
Bo_Ryan,2,2,100.0
Emmit_Smith,2,2,100.0
Carlos_Barra,1,1,100.0
Dick_Smothers,1,1,100.0
Alfonso_Soriano,1,1,100.0
Mo_Elleithee,1,1,100.0
Philippe_Noiret,1,1,100.0
Bobby_Robson,2,2,100.0
Mehdi_Baala,1,1,100.0
Mehmet_Ali_Sahin,1,1,100.0
Jung_Bong,1,1,100.0
Lee_Ann_Terlaji,1,1,100.0
Mika_Hakkinen,1,1,100.0
Olivia_Newton-John,2,2,100.0
Tina_Andrews,1,1,100.0
Werner_Schlager,1,1,100.0
Rudi_Voeller,1,1,100.0
Jeremy_Fogel,1,1,100.0
Larry_Eustachy,1,1,100.0
Johnny_Htu,1,1,100.0
Bill_Cartwright,1,1,100.0
Amy_Cotton,1,1,100.0
Jerry_Bruckheimer,1,1,100.0
Alejandro_Lerner,1,1,100.0
Hal_Sutton,2,1,50.0
Ruth_Harlow,2,2,100.0
Gen_Meredith,1,1,100.0
Angelina_Jolie,20,19,95.0
Maryn_McKenna,1,1,100.0
Todd_Petit,1,1,100.0
Carly_Gullickson,1,1,100.0
Chan_Gailey,3,2,66.66666666666667
Mick_Jagger,5,5,100.0
Earl_Fritts,1,1,100.0
Charlotte_Church,1,1,100.0
Michael_DeMinico,1,1,100.0
Mike_Fisher,1,1,100.0
Nicole_Hiltz,1,1,100.0
Eric_Idle,1,1,100.0
Joxel_Garcia,1,1,100.0
Bill_Duffey,1,1,100.0
Norm_Coleman,7,7,100.0
Sergei_Ivanov,5,5,100.0
Carlos_Moya,19,11,57.89473684210526
Jakob_Kellenberger,1,1,100.0
Alan_Trammell,1,1,100.0
Joan_Jett,1,1,100.0
Jorge_Quiroga,1,1,100.0
Gerard_Tronche,1,1,100.0
Michelle_Pfeiffer,3,3,100.0
Bill_Lerach,1,1,100.0
Tracy_Wyle,1,1,100.0
George_Murphy,1,1,100.0
Michael_Jasny,1,1,100.0
Johnny_Depp,2,2,100.0
Vanessa_Incontrada,4,4,100.0
Dianne_Feinstein,3,3,100.0
Chris_Neil,1,1,100.0
Osama_bin_Laden,4,4,100.0
Willis_Roberts,1,1,100.0
Kim_Cattrall,1,1,100.0
Melinda_Czink,1,1,100.0
Larry_Brown,7,7,100.0
Noah_Wyle,3,3,100.0
Spencer_Abraham,17,17,100.0
Tom_Brennan,1,1,100.0
Gary_Williams,2,2,100.0
Habib_Hisham,1,1,100.0
Alexis_Dennisoff,1,1,100.0
Odilia_Collazo,1,1,100.0
Minnie_Mendoza,1,1,100.0
Choi_Sung-hong,5,5,100.0
Kevin_Costner,8,8,100.0
Bob_Dole,2,2,100.0
Mary_Bono,1,1,100.0
Paul_Bremer,19,9,47.36842105263158
Diane_Lane,1,1,100.0
Phil_Cline,1,1,100.0
David_Modell,1,1,100.0
John_Wright,1,1,100.0
Billy_Graham,2,2,100.0
Tom_Smothers,1,1,100.0
Moshe_Katsav,4,4,100.0
Orlando_Bloom,3,3,100.0
Juan_Carlos_Morales,1,1,100.0
Binyamin_Ben-Eliezer,6,6,100.0
Kenneth_Reichert,1,1,100.0
Martin_Boryczewski,1,1,100.0
William_Umbach,1,1,100.0
Brian_De_Palma,1,1,100.0
Geovani_Lapentti,1,1,100.0
Nawabzada_Nasrullah_Khan,1,1,100.0
Turner_Stevenson,1,1,100.0
Michael_Jackson,12,12,100.0
Nova_Esther_Guthrie,1,1,100.0
Morgan_Freeman,2,2,100.0
Alessandro_Nesta,1,1,100.0
Jerry_Angelo,1,1,100.0
Kurt_Busch,2,2,100.0
Alicia_Molik,1,1,100.0
Brian_Pavlich,1,1,100.0
Michael_Wayne,1,1,100.0
Bruce_Springsteen,4,4,100.0
Mark_Bellhorn,1,1,100.0
Albert_Pujols,1,1,100.0
Pier_Ferdinando_Casini,1,1,100.0
Will_Ferrell,1,1,100.0
Diana_Taurasi,2,2,100.0
George_Galloway,3,3,100.0
Paul_Greengrass,1,1,100.0
Mark_Leno,1,1,100.0
David_Montoya,1,1,100.0
Kostya_Tszyu,1,1,100.0
Billy_Bob_Thornton,1,1,100.0
Alexa_Vega,1,1,100.0
Alejandro_Avila,3,3,100.0
Brendan_Gaughan,1,1,100.0
Michael_Dell,1,1,100.0
Larry_Pleau,1,1,100.0
Heath_Ledger,4,4,100.0
Bruce_Gebhardt,1,1,100.0
Gene_Sauers,1,1,100.0
Timothy_Rigas,1,1,100.0
Tina_Fey,1,1,100.0
Mike_Sweeney,1,1,100.0
Marsha_Thomason,1,1,100.0
Mike_Tyson,4,4,100.0
Monte_Kiffin,1,1,100.0
Alvaro_Noboa,3,3,100.0
Mohamed_ElBaradei,8,8,100.0
Debra_Shank,1,1,100.0
Carlos_Salinas,1,1,100.0
Allan_Wagner,1,1,100.0
Mark_Mulder,1,1,100.0
Gary_Gitnick,1,1,100.0
Walter_Woods,1,1,100.0
Dave_Johnson,1,1,100.0
Tiffany_Limos,1,1,100.0
Bruna_Colosio,1,1,100.0
Sargis_Sargsian,1,1,100.0
Brian_Campbell,1,1,100.0
Carlos_Lordkipanitse,1,1,100.0
Jose_Woldenberg,1,1,100.0
Nan_Wang,4,4,100.0
Evan_Rachel_Wood,3,3,100.0
Vicki_Zhao_Wei,2,2,100.0
Hal_Sellers,1,1,100.0
Marty_Mornhinweg,3,3,100.0
Amy_Gale,1,1,100.0
Emma_Nicholson,1,1,100.0
Gerhard_Schmid,1,1,100.0
Hashim_Thaci,2,2,100.0
Denis_Coderre,1,1,100.0
Carolina_Kluft,3,3,100.0
Michael_Deutsch,1,1,100.0
Kim_Su_Nam,1,1,100.0
Alexandre_Vinokourov,1,1,100.0
Jennie_Finch,1,1,100.0
Marricia_Tate,1,1,100.0
Sam_Mendes,2,2,100.0
Kristen_Rivera,1,1,100.0
Mike_Weir,10,8,80.0
Wim_Duisenberg,1,1,100.0
Carlos_Alberto,1,1,100.0
Jeremy_Shockey,2,2,100.0
Allison_Janney,2,2,100.0
Mikhail_Youzhny,3,3,100.0
Brandon_Spann,1,1,100.0
Gaston_Gaudio,1,1,100.0
Hasan_Wirayuda,1,1,100.0
Kurt_Budke,1,1,100.0
Diana_Ross,1,1,100.0
Heather_Chinnock,1,1,100.0
Earl_Scruggs,1,1,100.0
Bill_Byrne,1,1,100.0
Maria_Wetterstrand,1,1,100.0
Joseph_Safra,1,1,100.0
Kit_Bond,1,1,100.0
Laura_Bozzo,1,1,100.0
Eva_Dimas,2,2,100.0
Vincent_Sombrotto,1,1,100.0
Nicole,1,1,100.0
Koji_Uehara,1,1,100.0
Tom_Gamboa,1,1,100.0
Carol_Moseley_Braun,2,2,100.0
Hans_Peter_Briegel,1,1,100.0
Perry_Farrell,1,1,100.0
Ana_Sebastiao,1,1,100.0
Kurt_Thomas,1,1,100.0
Vincent_Cianci_Jr,1,1,100.0
Maurice_Cheeks,1,1,100.0
Martin_Short,1,1,100.0
Kong_Quan,1,1,100.0
Nick_Rahall,1,1,100.0
Monique_Ferreira,1,1,100.0
Zinedine_Zidane,5,4,80.0
Beyonce_Knowles,1,1,100.0
Billy_Joel,1,1,100.0
Shinya_Taniguchi,1,1,100.0
Hamad_Bin_Isa_al-Khalifa,1,1,100.0
Mauro_Viza,1,1,100.0
Emmanuel_Filiberto,1,1,100.0
Jose_Luis_Rodriguez_Zapatero,1,1,100.0
Mukhtar_Alytnbayev,1,1,100.0
Hanan_Ashrawi,2,2,100.0
Carlos_De_Abreu,1,1,100.0
Iran_Brown,1,1,100.0
Thomas_Cloyd,1,1,100.0
Tom_Miller,1,1,100.0
Tommy_Tubberville,1,1,100.0
Serena_Karlan,1,1,100.0
Matt_Dillon,3,3,100.0
Cathy_Chisholm,1,1,100.0
Alicia_Witt,1,1,100.0
Daniell_Sunjata,1,1,100.0
George_Roy_Hill,2,2,100.0
Johnny_Unitas,2,2,100.0
Mary_Katherine_Smart,1,1,100.0
Chen_Liang_Yu,2,2,100.0
Marion_Fahnestock,1,1,100.0
Martin_Kristof,1,1,100.0
Mark_Polansky,1,1,100.0
Juergen_Peters,2,2,100.0
Andy_Garcia,1,1,100.0
Tom_Jones,2,2,100.0
Angela_Lansbury,2,2,100.0
Anders_Ebbeson,3,3,100.0
Chang_Saio-yue,1,1,100.0
Mark_Warner,2,2,100.0
Betty_Garrison,1,1,100.0
Gary_Leon_Ridgway,1,1,100.0
Matt_Anderson,1,1,100.0
Paul_Burrell,11,11,100.0
Omar_Khan_Sharif,1,1,100.0
David_Hasselhoff,1,1,100.0
Dominic_Monaghan,1,1,100.0
Tim_Welsh,1,1,100.0
Roy_Rogers,1,1,100.0
George_Ryan,4,4,100.0
Bruce_Willis,1,1,100.0
Bilal_Erdogan,1,1,100.0
Michelle_Rodriguez,2,2,100.0
Martin_Cauchon,2,2,100.0
Sanja_Papic,1,1,100.0
Noelle_Bush,4,4,100.0
Andy_Perez,1,1,100.0
Charlie_Hunnam,1,1,100.0
Hank_Bass,1,1,100.0
Wang_Yingfan,3,3,100.0
Scott_Verplank,1,1,100.0
Amanda_Coetzer,2,2,100.0
William_Overlin,1,1,100.0
Alberta_Lee,1,1,100.0
Evan_Marriott,1,1,100.0
Mario_Lobo_Zagallo,1,1,100.0
Mario_Dominguez,1,1,100.0
Rudolph_Giuliani,24,23,95.83333333333333
Turner_Gill,1,1,100.0
Yoko_Ono,6,5,83.33333333333333
George_P_Bush,2,2,100.0
Bob_Hope,7,7,100.0
Erick_Barkley,1,1,100.0
David_Caraway,2,2,100.0
Maritza_Macias_Furano,1,1,100.0
Pham_Sy_Chien,1,1,100.0
Patti_Labelle,3,3,100.0
Koichiro_Matsuura,1,1,100.0
Lawrence_Foley,1,1,100.0
Imran_Khan,1,1,100.0
George_Harrison,1,1,100.0
Joy_Bryant,1,1,100.0
Bob_Geldof,2,2,100.0
Kenneth_Brill,1,1,100.0
Brian_Billick,1,1,100.0
Van_Hilley,1,1,100.0
Carla_Tricoli,1,1,100.0
Lenny_Wilkens,3,3,100.0
Micah_Knorr,1,1,100.0
Todd_Reid,1,1,100.0
Michael_Bouchard,1,1,100.0
Cesar_Gaviria,8,8,100.0
Jeremy_Wotherspoon,1,1,100.0
Mitchell_Crooks,1,1,100.0
Martin_Landau,1,1,100.0
Bill_Rainer,1,1,100.0
Sidney_Poitier,1,1,100.0
William_Murabito,1,1,100.0
Gary_Doer,3,3,100.0
Martina_McBride,5,5,100.0
Geraldine_Chaplin,4,4,100.0
Shannon_OBrien,2,2,100.0
Patricia_Russo,1,1,100.0
Jerome_Golmard,1,1,100.0
Kosuke_Kitajima,2,2,100.0
William_Genego,1,1,100.0
Monique_Garbrecht-Enfeldt,3,3,100.0
Han_Sung_Joo,1,1,100.0
Hans_Eichel,3,3,100.0
Klaus_Zwickel,2,2,100.0
Mark_McClellan,1,1,100.0
Michael_Sullivan,2,2,100.0
Lily_Tomlin,2,2,100.0
Geoffrey_Rush,1,1,100.0
Paula_Radcliffe,6,6,100.0
Larry_Greene,1,1,100.0
Theresa_May,3,3,100.0
Dariusz_Michalczewski,1,1,100.0
Ally_Sheedy,1,1,100.0
Gene_Robinson,5,5,100.0
Andy_Madikians,1,1,100.0
Ryan_Leaf,1,1,100.0
Joseph_Fiennes,1,1,100.0
Andy_Roddick,14,13,92.85714285714286
Michael_Weiss,1,1,100.0
Melina_Kanakaredes,1,1,100.0
Nicklas_Lidstrom,1,1,100.0
Michel_Therrien,2,2,100.0
Niall_Connolly,1,1,100.0
Bruce_Arena,1,1,100.0
Theo_Epstein,2,2,100.0
Heidi_Fleiss,4,4,100.0
Dolly_Parton,2,2,100.0
Mark_Swartz,1,1,100.0
Tony_Parker,2,2,100.0
Alek_Wek,1,1,100.0
Michael_Chertoff,1,1,100.0
Aaron_Eckhart,1,1,100.0
Tim_Matheson,1,1,100.0
Jorge_Valdano,2,2,100.0
MC_Hammer,1,1,100.0
Uday_Hussein,1,1,100.0
Tung_Chee-hwa,8,8,100.0
Mohammad_Khatami,9,9,100.0
Catherine_Bell,1,1,100.0
Michael_Goldrich,1,1,100.0
Mickey_Rooney,1,1,100.0
Eric_Clapton,2,2,100.0
Liane_Janda,1,1,100.0
Gary_Marshall,1,1,100.0
Amram_Mitzna,2,2,100.0
Jose_Canseco_Sr,1,1,100.0
Mario_Austin,1,1,100.0
Hadley_Bilger,1,1,100.0
Bob_Curtis,1,1,100.0
Juan_Roman_Carrasco,1,1,100.0
Tom_Watson,3,3,100.0
Michael_Denzel,1,1,100.0
Thierry_Falise,3,3,100.0
Silvio_Fernandez,2,2,100.0
Diana_Renee_Valdivieso_Dubon,1,1,100.0
Pedro_Alvarez,1,1,100.0
Mike_Slive,1,1,100.0
Mario_Gallegos,1,1,100.0
Ernie_Grunfeld,1,1,100.0
Silvie_Cabero,1,1,100.0
Hamzah_Haz,2,2,100.0
Emily_Robison,2,2,100.0
Bob_Huggins,4,4,100.0
Joseph_Lopez,1,1,100.0
Kevin_Stallings,2,2,100.0
Penny_Dupuie,1,1,100.0
Peter_Mackay,1,1,100.0
Etta_James,1,1,100.0
Lesia_Burlak,1,1,100.0
Tom_OBrien,1,1,100.0
Jose_Viegas_Filho,2,2,100.0
Toshi_Izawa,1,1,100.0
Max_Biaggi,1,1,100.0
George_Blaney,1,1,100.0
Sandra_Day_OConner,1,1,100.0
Buzz_Hargrove,1,1,100.0
McGuire_Gibson,1,1,100.0
Thomas_Fargo,4,4,100.0
Mike_Sherman,1,1,100.0
Maria_Shkolnikova,1,1,100.0
Ham_Pong-sil,1,1,100.0
Carlo_Ancelotti,3,3,100.0
Wilfredo_Moreno,1,1,100.0
Kevin_James,1,1,100.0
Dick_Posthumus,1,1,100.0
Matthew_During,1,1,100.0
Johnny_Hallyday,1,1,100.0
Leonard_Hamilton,2,2,100.0
Alfred_Sant,1,1,100.0
Vinnie_Jones,1,1,100.0
Tony_Bennett,4,4,100.0
Khatol_Mohammad_Zai,1,1,100.0
Andrea_Bocelli,1,1,100.0
Tom_Harkin,5,5,100.0
Victoria_Beckham,3,3,100.0
Thad_Matta,1,1,100.0
Sebastian_Porto,1,1,100.0
Veronica_Lake,1,1,100.0
Nicolas_Eyzaguirre,1,1,100.0
Michael_Shane_Jolly,1,1,100.0
Andre_Bucher,1,1,100.0
Heinrich_Wolfgang,1,1,100.0
Vince_Vaughan,1,1,100.0
Mike_Cunning,1,1,100.0
Mike_Flanagan,1,1,100.0
Cameron_Diaz,6,6,100.0
Mary_Lou_Retton,1,1,100.0
Laura_Hernandez,2,2,100.0
Laura_Ziskin,1,1,100.0
Bill_Curry,1,1,100.0
Virgina_Ruano_Pascal,1,1,100.0
Tina_Brown,1,1,100.0
Tippi_Hedren,2,2,100.0
Esteban_Cordoba-Velazquez,1,1,100.0
Kenneth_Bowersox,3,3,100.0
AnFernce_Negron,1,1,100.0
Thomas_Wyman,2,1,50.0
Martin_Gecht,1,1,100.0
Mike_Tice,1,1,100.0
Thomas_Watjen,1,1,100.0
Zico,3,3,100.0
Brian_Williams,1,1,100.0
Nobuyuki_Idei,1,1,100.0
Yasushi_Chimura,1,1,100.0
Vincent_Spadea,1,1,100.0
David_Howard,1,1,100.0
Nancy_Kerrigan,1,1,100.0
Zakia_Hakki,1,1,100.0
Calvin_Joseph_Coleman,1,1,100.0
Wycliffe_Grousbeck,1,1,100.0
Joseph_Nacchio,1,1,100.0
Warren_Buffett,3,3,100.0
Gerard_de_Cortanze,1,1,100.0
Martha_Bowen,2,2,100.0
Esther_Macklin,1,1,100.0
Mike_Easley,1,1,100.0
Naoto_Kan,4,4,100.0
Cathryn_Crawford,1,1,100.0
Saeed_Mortazavi,1,1,100.0
Alimzhan_Tokhtakhounov,2,2,100.0
Andy_Lau,1,1,100.0
Allen_Rock,1,1,100.0
Stacy_Dragila,2,2,100.0
Mike_Matthews,1,1,100.0
Julio_De_Brun,1,1,100.0
Valerie_Harper,2,2,100.0
Sonja_Kesselschlager,1,1,100.0
Dick_Clark,3,3,100.0
Jim_Taylor,1,1,100.0
Paul_Reiser,1,1,100.0
Latrell_Sprewell,2,2,100.0
David_Hanson,1,1,100.0
Mark_Butcher,1,1,100.0
Dianne_Reeves,1,1,100.0
Kim_Hong-gul,1,1,100.0
Bruce_Van_De_Velde,2,2,100.0
Larry_Nichols,1,1,100.0
Alfredo_di_Stefano,1,1,100.0
Martin_Hoellwarth,2,2,100.0
Norman_Mineta,1,1,100.0
Heather_Whitestone_McCallum,1,1,100.0
Mother_Teresa,1,1,100.0
Larry_Hahn,1,1,100.0
Paul_Coppin,2,2,100.0
Betty_Williams,1,1,100.0
Thomas_Ferguson,1,1,100.0
Natalie_Stewart,1,1,100.0
Lew_Rywin,1,1,100.0
Jeri_Ryan,1,1,100.0
Jeong_Se-hyun,9,9,100.0
Eric_Shinseki,1,1,100.0
Todd_Robbins,1,1,100.0
Michalis_Chrisohoides,1,1,100.0
Josh_Kronfeld,1,1,100.0
Gary_Gero,1,1,100.0
Mary_Lou_Markakis,1,1,100.0
Leigh_Winchell,1,1,100.0
Emma_Thompson,3,3,100.0
Pete_Sampras,22,21,95.45454545454545
William_Ford_Jr,7,7,100.0
Bryan_Cooley,1,1,100.0
Larry_Flynt,1,1,100.0
William_Cocksedge,1,1,100.0
Bob_Guccione,1,1,100.0
Paula_Zahn,2,2,100.0
Khalid_Khannouchi,1,1,100.0
Amber_Tamblyn,2,2,100.0
Jennifer_Connelly,4,4,100.0
Brian_Kerr,1,1,100.0
Walid_Al-Awadi,1,1,100.0
Milan_Milutinovic,1,1,100.0
Matt_LeBlanc,1,1,100.0
Yolanda_King,1,1,100.0
Bill_Butler,1,1,100.0
Nick_Turner,1,1,100.0
Tony_Cummo,1,1,100.0
Tina_Sinatra,1,1,100.0
Bob_Hayes,1,1,100.0
Lance_Armstrong,18,18,100.0
Yao_Ming,8,8,100.0
Morgan_Hentzen,1,1,100.0
Enrique_Bolanos,5,5,100.0
Wanda_Ilene_Barzee,1,1,100.0
Martin_Rodriguez,1,1,100.0
Amy_Redford,1,1,100.0
Al_Gore,8,8,100.0
Alex_Sink,3,3,100.0
Matthew_Broderick,4,4,100.0
William_Rehnquist,2,2,100.0
Miguel_Cotto,1,1,100.0
Scott_Peterson,5,5,100.0
Michael_Moore,3,3,100.0
Delphine_Chuillot,1,1,100.0
Angelo_Genova,1,1,100.0
Francis_Collins,1,1,100.0
Masatoshi_Koshiba,1,1,100.0
Kevin_Spacey,5,5,100.0
Wolfgang_Clement,1,1,100.0
Ismail_Khan,1,1,100.0
Meg_Mallon,1,1,100.0
Tyron_Garner,2,2,100.0
Francis_Ricciardone,1,1,100.0
Michael_Kirby,1,1,100.0
Alastair_Campbell,5,5,100.0
Omar_Sharif,4,4,100.0
Mesut_Yilmaz,1,1,100.0
Alex_Cabrera,1,1,100.0
Candie_Kung,4,4,100.0
Meryl_Streep,15,15,100.0
Matthew_Vaughan,1,1,100.0
BJ_Habibie,1,1,100.0
Michael_Frayn,1,1,100.0
Nikki_Reed,2,2,100.0
JJ_Redick,2,2,100.0
TJ_Ford,1,1,100.0
Camilla_Parker_Bowles,2,2,100.0
Andrew_Jarecki,1,1,100.0
Chris_Claiborne,1,1,100.0
William_Pryor_Jr,1,1,100.0
Kurt_Russell,2,2,100.0
Julio_Cesar_Chavez,1,1,100.0
Carol_Niedermayer,1,1,100.0
Jonathan_Schroeder,1,1,100.0
Mike_Leach,1,1,100.0
Bruno_Junquiera,1,1,100.0
Bob_Sulkin,1,1,100.0
Kim_Weeks,1,1,100.0
Gennifer_Flowers,1,1,100.0
Tom_Welch,1,1,100.0
Miguel_Juarez_Perez,1,1,100.0
Andre_Agassi,36,35,97.22222222222223
Bob_Krueger,1,1,100.0
Carlos_Mesa,2,2,100.0
Amr_Moussa,1,1,100.0
Billy_Crawford,1,1,100.0
Mike_Eskew,1,1,100.0
Nicholas_Tse,2,1,50.0
Jose_Lopez_Beltran,1,1,100.0
Hamza_Atiya_Muhsen,1,1,100.0
Mark_Heller,1,1,100.0
Bob_Goldman,1,1,100.0
Andy_Dick,1,1,100.0
Sammy_Knight,1,1,100.0
George_Clooney,9,9,100.0
Patrick_Ewing,2,2,100.0
Mikhail_Gorbachev,2,2,100.0
Bob_Beauprez,2,2,100.0
Isabela_Moraes,1,1,100.0
Vadim_Devyatovskiy,1,1,100.0
Tessa_Jowell,1,1,100.0
Tom_Craddick,4,4,100.0
Andrew_Sabey,1,1,100.0
Juergen_Trittin,1,1,100.0
Gary_Sinise,1,1,100.0
William_Joppy,1,1,100.0
Paul_Crake,1,1,100.0
Carolina_Barco,1,1,100.0
Naomi_Hayashi,1,1,100.0
Kirsten_Gilham,1,1,100.0
Bob_Hartley,1,1,100.0
Albert_Montanes,1,1,100.0
Gavyn_Arthur,1,1,100.0
Julie_Andrews,1,1,100.0
Diana_Krall,6,6,100.0
Tom_Glavine,2,2,100.0
Celine_Dion,8,8,100.0
Masao_Azuma,1,1,100.0
Toni_Braxton,3,3,100.0
Roy_Blunt,1,1,100.0
Newt_Gingrich,1,1,100.0
Uma_Thurman,3,3,100.0
Jimmy_Smits,1,1,100.0
Phil_McGraw,1,1,100.0
Michael_Donovan,1,1,100.0
Bo_Pelini,2,2,100.0
Intisar_Ajouri,3,3,100.0
Zelma_Novelo,1,1,100.0
David_Dorfman,1,1,100.0
Mitch_Kupchak,1,1,100.0
Natalia_Dmitrieva,1,1,100.0
Cecilia_Bolocco,3,3,100.0
Saeed_Anwar,1,1,100.0
Irina_Lobacheva,1,1,100.0
Dick_Latessa,2,2,100.0
Fidel_Castro,18,18,100.0
Michael_Clarke_Duncan,1,1,100.0
Hamid_Reza_Asefi,1,1,100.0
Bill_King,1,1,100.0
Willie_Nelson,1,1,100.0
JP_Suarez,1,1,100.0
Andrew_Shutley,1,1,100.0
Wayne_Gretzky,4,4,100.0
Brian_Cowen,2,2,100.0
Morris_Watts,1,1,100.0
Martha_Burk,4,4,100.0
Jim_Sterk,1,1,100.0
Patricia_Medina,1,1,100.0
Amy_Brenneman,1,1,100.0
Eunice_Barber,2,2,100.0
Kurt_Tanabe,1,1,100.0
Brandon_Inge,1,1,100.0
Chin-Hui_Tsao,1,1,100.0
Timbul_Silaen,1,1,100.0
Viola_Davis,1,1,100.0
Tina_Pisnik,1,1,100.0
Michael_Guiler,1,1,100.0
Trudi_Lacey,1,1,100.0
Paul_Li_Calsi,1,1,100.0
Angel_Maza,1,1,100.0
Mel_Karmazin,1,1,100.0
Tubby_Smith,3,3,100.0
Tim_Pawlenty,1,1,100.0
Meirion_Evans,1,1,100.0
Alexandre_Daigle,1,1,100.0
Alex_Wallau,1,1,100.0
Jack_LaLanne,1,1,100.0
Ernest_Hollings,1,1,100.0
Thomas_Wilkens,1,1,100.0
Tom_Coughlin,1,1,100.0
Tia_Mowry,1,1,100.0
Jerome_Jenkins,1,1,100.0
Max_von_Sydow,1,1,100.0
Tian_Liang,1,1,100.0
Biljana_Plavsic,3,3,100.0
Oliver_Phelps,1,1,100.0
Daniele_Nardello,1,1,100.0
Billy_Boyd,1,1,100.0
Rowan_Williams,1,1,100.0
Kim_Dong-hwa,1,1,100.0
Alberto_Gonzales,1,1,100.0
